--
-- PostgreSQL database dump
--

-- Dumped from database version 15.0 (Debian 15.0-1.pgdg110+1)
-- Dumped by pg_dump version 15.0 (Debian 15.0-1.pgdg110+1)

SET statement_timeout = 0;
SET lock_timeout = 0;
SET idle_in_transaction_session_timeout = 0;
SET client_encoding = 'UTF8';
SET standard_conforming_strings = on;
SELECT pg_catalog.set_config('search_path', '', false);
SET check_function_bodies = false;
SET xmloption = content;
SET client_min_messages = warning;
SET row_security = off;

SET default_tablespace = '';

SET default_table_access_method = heap;

--
-- Name: Comments; Type: TABLE; Schema: public; Owner: admin
--

CREATE TABLE public."Comments" (
    "Id" bigint NOT NULL,
    "AuthorId" uuid NOT NULL,
    "PostId" bigint NOT NULL,
    "CreatedAt" timestamp with time zone NOT NULL,
    "Edited" boolean NOT NULL,
    "Content" text NOT NULL
);


ALTER TABLE public."Comments" OWNER TO admin;

--
-- Name: Comments_Id_seq; Type: SEQUENCE; Schema: public; Owner: admin
--

ALTER TABLE public."Comments" ALTER COLUMN "Id" ADD GENERATED BY DEFAULT AS IDENTITY (
    SEQUENCE NAME public."Comments_Id_seq"
    START WITH 1
    INCREMENT BY 1
    NO MINVALUE
    NO MAXVALUE
    CACHE 1
);


--
-- Name: DawProjects; Type: TABLE; Schema: public; Owner: admin
--

CREATE TABLE public."DawProjects" (
    "ProjectId" bigint NOT NULL,
    "AudioSourceHash" text,
    "AudioSourceGuid" uuid
);


ALTER TABLE public."DawProjects" OWNER TO admin;

--
-- Name: DawProjects_ProjectId_seq; Type: SEQUENCE; Schema: public; Owner: admin
--

ALTER TABLE public."DawProjects" ALTER COLUMN "ProjectId" ADD GENERATED BY DEFAULT AS IDENTITY (
    SEQUENCE NAME public."DawProjects_ProjectId_seq"
    START WITH 1
    INCREMENT BY 1
    NO MINVALUE
    NO MAXVALUE
    CACHE 1
);


--
-- Name: Folders; Type: TABLE; Schema: public; Owner: admin
--

CREATE TABLE public."Folders" (
    "Id" bigint NOT NULL,
    "Name" text NOT NULL,
    "Type" integer NOT NULL,
    "WorkspaceId" bigint NOT NULL,
    "OwnerId" uuid,
    "ParentId" bigint,
    "WorkspacePermission_Type" integer NOT NULL,
    "WorkspacePermission_Inherited" boolean NOT NULL
);


ALTER TABLE public."Folders" OWNER TO admin;

--
-- Name: Folders_Id_seq; Type: SEQUENCE; Schema: public; Owner: admin
--

ALTER TABLE public."Folders" ALTER COLUMN "Id" ADD GENERATED BY DEFAULT AS IDENTITY (
    SEQUENCE NAME public."Folders_Id_seq"
    START WITH 1
    INCREMENT BY 1
    NO MINVALUE
    NO MAXVALUE
    CACHE 1
);


--
-- Name: Languages; Type: TABLE; Schema: public; Owner: admin
--

CREATE TABLE public."Languages" (
    "Key" text NOT NULL,
    "Name" text NOT NULL,
    "IsPublic" boolean NOT NULL
);


ALTER TABLE public."Languages" OWNER TO admin;

--
-- Name: Post; Type: TABLE; Schema: public; Owner: admin
--

CREATE TABLE public."Post" (
    "Id" bigint NOT NULL,
    "AuthorId" uuid NOT NULL,
    "WorkspaceId" bigint NOT NULL,
    "CreatedAt" timestamp with time zone NOT NULL,
    "Title" text NOT NULL,
    "Content" text NOT NULL,
    "Edited" boolean NOT NULL
);


ALTER TABLE public."Post" OWNER TO admin;

--
-- Name: PostUploadedFile; Type: TABLE; Schema: public; Owner: admin
--

CREATE TABLE public."PostUploadedFile" (
    "PostId" bigint NOT NULL,
    "ReferencedFilesId" bigint NOT NULL
);


ALTER TABLE public."PostUploadedFile" OWNER TO admin;

--
-- Name: Post_Id_seq; Type: SEQUENCE; Schema: public; Owner: admin
--

ALTER TABLE public."Post" ALTER COLUMN "Id" ADD GENERATED BY DEFAULT AS IDENTITY (
    SEQUENCE NAME public."Post_Id_seq"
    START WITH 1
    INCREMENT BY 1
    NO MINVALUE
    NO MAXVALUE
    CACHE 1
);


--
-- Name: Sessions; Type: TABLE; Schema: public; Owner: admin
--

CREATE TABLE public."Sessions" (
    "Id" bigint NOT NULL,
    "Name" text NOT NULL,
    "ScheduledDate" timestamp with time zone NOT NULL,
    "WorkspaceId" bigint NOT NULL,
    "MeetingGuid" uuid DEFAULT gen_random_uuid() NOT NULL
);


ALTER TABLE public."Sessions" OWNER TO admin;

--
-- Name: Sessions_Id_seq; Type: SEQUENCE; Schema: public; Owner: admin
--

ALTER TABLE public."Sessions" ALTER COLUMN "Id" ADD GENERATED BY DEFAULT AS IDENTITY (
    SEQUENCE NAME public."Sessions_Id_seq"
    START WITH 1
    INCREMENT BY 1
    NO MINVALUE
    NO MAXVALUE
    CACHE 1
);


--
-- Name: Tracks; Type: TABLE; Schema: public; Owner: admin
--

CREATE TABLE public."Tracks" (
    "Id" bigint NOT NULL,
    "ProjectId" bigint NOT NULL,
    "Order" integer NOT NULL,
    "Name" text NOT NULL,
    "StartTime" real NOT NULL,
    "Volume" real NOT NULL,
    "SelectedByUserId" uuid,
    "AudioSourceGuid" uuid
);


ALTER TABLE public."Tracks" OWNER TO admin;

--
-- Name: Tracks_Id_seq; Type: SEQUENCE; Schema: public; Owner: admin
--

ALTER TABLE public."Tracks" ALTER COLUMN "Id" ADD GENERATED BY DEFAULT AS IDENTITY (
    SEQUENCE NAME public."Tracks_Id_seq"
    START WITH 1
    INCREMENT BY 1
    NO MINVALUE
    NO MAXVALUE
    CACHE 1
);


--
-- Name: TranslationLocations; Type: TABLE; Schema: public; Owner: admin
--

CREATE TABLE public."TranslationLocations" (
    "View" text NOT NULL,
    "Key" text NOT NULL
);


ALTER TABLE public."TranslationLocations" OWNER TO admin;

--
-- Name: Translations; Type: TABLE; Schema: public; Owner: admin
--

CREATE TABLE public."Translations" (
    "Id" bigint NOT NULL,
    "Language" text NOT NULL,
    "View" text NOT NULL,
    "Key" text NOT NULL,
    "Value" text NOT NULL,
    "LastUpdated" timestamp with time zone DEFAULT CURRENT_TIMESTAMP NOT NULL
);


ALTER TABLE public."Translations" OWNER TO admin;

--
-- Name: Translations_Id_seq; Type: SEQUENCE; Schema: public; Owner: admin
--

ALTER TABLE public."Translations" ALTER COLUMN "Id" ADD GENERATED BY DEFAULT AS IDENTITY (
    SEQUENCE NAME public."Translations_Id_seq"
    START WITH 1
    INCREMENT BY 1
    NO MINVALUE
    NO MAXVALUE
    CACHE 1
);


--
-- Name: UploadedFiles; Type: TABLE; Schema: public; Owner: admin
--

CREATE TABLE public."UploadedFiles" (
    "Id" bigint NOT NULL,
    "FolderId" bigint NOT NULL,
    "OwnerId" uuid,
    "Size" bigint NOT NULL,
    "DisplayName" text NOT NULL,
    "Extension" text NOT NULL,
    "MimeType" text NOT NULL,
    "StorageName" text NOT NULL
);


ALTER TABLE public."UploadedFiles" OWNER TO admin;

--
-- Name: UploadedFiles_Id_seq; Type: SEQUENCE; Schema: public; Owner: admin
--

ALTER TABLE public."UploadedFiles" ALTER COLUMN "Id" ADD GENERATED BY DEFAULT AS IDENTITY (
    SEQUENCE NAME public."UploadedFiles_Id_seq"
    START WITH 1
    INCREMENT BY 1
    NO MINVALUE
    NO MAXVALUE
    CACHE 1
);


--
-- Name: UserFolderPermissions; Type: TABLE; Schema: public; Owner: admin
--

CREATE TABLE public."UserFolderPermissions" (
    "UserId" uuid NOT NULL,
    "FolderId" bigint NOT NULL,
    "Permission_Type" integer NOT NULL,
    "Permission_Inherited" boolean NOT NULL
);


ALTER TABLE public."UserFolderPermissions" OWNER TO admin;

--
-- Name: Users; Type: TABLE; Schema: public; Owner: admin
--

CREATE TABLE public."Users" (
    "Id" uuid NOT NULL,
    "Username" text NOT NULL,
    "FirstName" text NOT NULL,
    "LastName" text NOT NULL
);


ALTER TABLE public."Users" OWNER TO admin;

--
-- Name: WorkspaceUsers; Type: TABLE; Schema: public; Owner: admin
--

CREATE TABLE public."WorkspaceUsers" (
    "WorkspaceId" bigint NOT NULL,
    "UserId" uuid NOT NULL,
    "Role" integer NOT NULL
);


ALTER TABLE public."WorkspaceUsers" OWNER TO admin;

--
-- Name: Workspaces; Type: TABLE; Schema: public; Owner: admin
--

CREATE TABLE public."Workspaces" (
    "Id" bigint NOT NULL,
    "Name" text NOT NULL,
    "Description" text NOT NULL,
    "CreatedDate" timestamp with time zone NOT NULL,
    "RootFolderId" bigint
);


ALTER TABLE public."Workspaces" OWNER TO admin;

--
-- Name: Workspaces_Id_seq; Type: SEQUENCE; Schema: public; Owner: admin
--

ALTER TABLE public."Workspaces" ALTER COLUMN "Id" ADD GENERATED BY DEFAULT AS IDENTITY (
    SEQUENCE NAME public."Workspaces_Id_seq"
    START WITH 1
    INCREMENT BY 1
    NO MINVALUE
    NO MAXVALUE
    CACHE 1
);


--
-- Name: __EFMigrationsHistory; Type: TABLE; Schema: public; Owner: admin
--

CREATE TABLE public."__EFMigrationsHistory" (
    "MigrationId" character varying(150) NOT NULL,
    "ProductVersion" character varying(32) NOT NULL
);


ALTER TABLE public."__EFMigrationsHistory" OWNER TO admin;

--
-- Data for Name: Comments; Type: TABLE DATA; Schema: public; Owner: admin
--

COPY public."Comments" ("Id", "AuthorId", "PostId", "CreatedAt", "Edited", "Content") FROM stdin;
\.


--
-- Data for Name: DawProjects; Type: TABLE DATA; Schema: public; Owner: admin
--

COPY public."DawProjects" ("ProjectId", "AudioSourceHash", "AudioSourceGuid") FROM stdin;
1	\N	\N
\.


--
-- Data for Name: Folders; Type: TABLE DATA; Schema: public; Owner: admin
--

COPY public."Folders" ("Id", "Name", "Type", "WorkspaceId", "OwnerId", "ParentId", "WorkspacePermission_Type", "WorkspacePermission_Inherited") FROM stdin;
-1	Root	0	-1	\N	\N	0	f
\.


--
-- Data for Name: Languages; Type: TABLE DATA; Schema: public; Owner: admin
--

COPY public."Languages" ("Key", "Name", "IsPublic") FROM stdin;
en	English	t
pl	Polski	t
\.


--
-- Data for Name: Post; Type: TABLE DATA; Schema: public; Owner: admin
--

COPY public."Post" ("Id", "AuthorId", "WorkspaceId", "CreatedAt", "Title", "Content", "Edited") FROM stdin;
\.


--
-- Data for Name: PostUploadedFile; Type: TABLE DATA; Schema: public; Owner: admin
--

COPY public."PostUploadedFile" ("PostId", "ReferencedFilesId") FROM stdin;
\.


--
-- Data for Name: Sessions; Type: TABLE DATA; Schema: public; Owner: admin
--

COPY public."Sessions" ("Id", "Name", "ScheduledDate", "WorkspaceId", "MeetingGuid") FROM stdin;
\.


--
-- Data for Name: Tracks; Type: TABLE DATA; Schema: public; Owner: admin
--

COPY public."Tracks" ("Id", "ProjectId", "Order", "Name", "StartTime", "Volume", "SelectedByUserId", "AudioSourceGuid") FROM stdin;
1	1	0		0	1	\N	\N
2	1	0		0	1	\N	\N
\.


--
-- Data for Name: TranslationLocations; Type: TABLE DATA; Schema: public; Owner: admin
--

COPY public."TranslationLocations" ("View", "Key") FROM stdin;
admin	allUsers
admin	languages
admin	more
admin	title
admin	translations
admin	unverifiedUsers
app	authorizing
app	notFoundBody
app	notFoundTitle
app	pleaseLogIn
authentication	completingLoggingIn
authentication	loggingIn
authentication	logInFailed
authentication	logOut
authentication	logOutSucceeded
cloneWorkspaceDialog	cancel
cloneWorkspaceDialog	clonedWorkspace
cloneWorkspaceDialog	copyFolders
cloneWorkspaceDialog	copyMembers
cloneWorkspaceDialog	failedToCloneWorkspace
cloneWorkspaceDialog	ok
cloneWorkspaceDialog	withFiles
cloneWorkspaceDialog	withRoles
cloneWorkspaceDialog	withUserSpecificPermissions
cloneWorkspaceDialog	workspaceName
common	actions
common	cancel
common	cancelButton
common	create
common	refresh
common	search
common	settings
common	updateButton
confirmationDialog	imSure
confirmationDialog	no
confirmationDialog	yes
createFolderDialog	cancel
createFolderDialog	create
createFolderDialog	failedToCreateFolder
createFolderDialog	folderCreated
createFolderDialog	folderName
createFolderDialog	folderNameCannotBeEmpty
createSessionDialog	cancel
createSessionDialog	create
createSessionDialog	date
createSessionDialog	dateNotSet
createSessionDialog	failedToCreateSession
createSessionDialog	name
createSessionDialog	sessionCreated
createSessionDialog	sessionNameCannotBeEmpty
createSessionDialog	time
createSessionDialog	timeNotSet
createWorkspaceDialog	cancel
createWorkspaceDialog	create
createWorkspaceDialog	failedToCreateWorkspace
createWorkspaceDialog	workspaceCreated
createWorkspaceDialog	workspaceDescription
createWorkspaceDialog	workspaceName
createWorkspaceDialog	workspaceNameCannotBeEmpty
daw	addTrack
daw	mute
daw	solo
daw	unnamedTrack
fileManager	actions
fileManager	back
fileManager	cancelSelection
fileManager	copyHere
fileManager	copyItemsTo
fileManager	copySelectedTo
fileManager	createFolder
fileManager	delete
fileManager	deleteFile
fileManager	deleteFolder
fileManager	deleteFolderItems
fileManager	deleteSelected
fileManager	download
fileManager	edit
fileManager	editFile
fileManager	editFolder
fileManager	failedToDeleteFile
fileManager	failedToDeleteFolder
fileManager	failedToDeleteItems
fileManager	file
fileManager	fileDeleted
fileManager	folder
fileManager	folderDeleted
fileManager	folderItems
fileManager	format
fileManager	itemsDeleted
fileManager	more
fileManager	moveHere
fileManager	moveItemsTo
fileManager	moveSelectedTo
fileManager	name
fileManager	open
fileManager	owner
fileManager	refresh
fileManager	refreshView
fileManager	search
fileManager	select
fileManager	settings
fileManager	showRelatedPosts
fileManager	size
fileManager	toggleSelectionMode
fileManager	type
fileManager	uploadFiles
fileManager	uploadFilesToFolder
filePreviewDialog	browserDoesntSupportPdf
filePreviewDialog	cannotPreviewFile
filePreviewDialog	close
filePreviewDialog	download
folderPermissionPicker	contributor
folderPermissionPicker	contributorsHeader
folderPermissionPicker	contributorsPoint1
folderPermissionPicker	contributorsPoint2
folderPermissionPicker	contributorsPoint3
folderPermissionPicker	contributorsPoint4
folderPermissionPicker	editor
folderPermissionPicker	editorsHeader
folderPermissionPicker	editorsPoint1
folderPermissionPicker	editorsPoint2
folderPermissionPicker	editorsPoint3
folderPermissionPicker	editorsPoint4
folderPermissionPicker	editorsPoint5
folderPermissionPicker	infoTitle
folderPermissionPicker	inheritedPrefix
folderPermissionPicker	permissionLabel
folderPermissionPicker	reader
folderPermissionPicker	readersHeader
folderPermissionPicker	readersPoint1
folderPermissionPicker	tooltipTitle
folderTypePicker	folderTypeLabel
forum	actions
forum	addComment
forum	addRemoveFiles
forum	cancel
forum	commentDeleted
forum	commentLabel
forum	createPost
forum	delete
forum	deleteCommentConfirmTitle
forum	deletePostConfirmTitle
forum	edit
forum	editedSuffix
forum	editPost
forum	failedAddComment
forum	failedCreatePost
forum	failedDeleteComment
forum	failedDeletePost
forum	failedEditComment
forum	failedEditPost
forum	files
forum	noPostsRelatedToFile
forum	postContentLabel
forum	postDeleted
forum	sendComment
forum	showMoreComments
forum	showMorePosts
forum	titleLabel
home	adminVerificationRequired
home	title
infoDialog	ok
inputStringDialog	cancel
inputStringDialog	ok
languagesManager	addNewLanguage
languagesManager	createDialogTitle
languagesManager	deleteLanguage
languagesManager	deleteLanguageTitle
languagesManager	failedToCreateLanguage
languagesManager	failedToDeleteLanguage
languagesManager	failedToLoadLanguages
languagesManager	failedToUpdateLanguage
languagesManager	keyColumn
languagesManager	keyField
languagesManager	keyHelper
languagesManager	language
languagesManager	languageCreated
languagesManager	languageDeleted
languagesManager	languageKeyRequired
languagesManager	languageNameRequired
languagesManager	languageNowPrivate
languagesManager	languageNowPublic
languagesManager	nameColumn
languagesManager	nameField
languagesManager	publicColumn
languagesManager	title
mainLayout	logOut
mainLayout	manageAccount
mainLayout	signIn
mainLayout	toggleTheme
mainLayout	userManual
manual	breadcrumb
manual	noPdfSupport
manual	openManualCta
manual	title
meeting	downloadJitsiApp
meeting	openInApp
navigation	adminPanel
navigation	home
navigation	menu
navigation	storage
navigation	videoRecorder
navigation	workspaces
postsRelatedToFileDialog	close
postsRelatedToFileDialog	noPostsRelatedTo
postsRelatedToFileDialog	postsRelatedTo
profile	details
profile	firstName
profile	lastName
profile	title
profile	userId
profile	userName
recordingTool	audioOnlyRecording
recordingTool	discardButton
recordingTool	mobileUnavailable
recordingTool	noneAudioOnly
recordingTool	noneOption
recordingTool	pageTitle
recordingTool	recordButton
recordingTool	recordingName
recordingTool	recordingPrefix
recordingTool	saveInWorkspace
recordingTool	saveOnComputer
recordingTool	selectFolderDialogConfirm
recordingTool	selectFolderDialogTitle
recordingTool	stopButton
selectFilesDialog	cancel
selectFilesDialog	ok
selectFilesDialog	selectedFiles
selectFolderDialog	cancel
selectFolderDialog	change
selectFolderDialog	selectWorkspace
selectFolderDialog	workspace
session	errorNoAccess
session	meetingTab
session	recordingsTab
session	sessionSettingsTab
session	workspaceContentTab
session	workspaceForumTab
sessionList	actions
sessionList	createNewSession
sessionList	createSession
sessionList	dataLabelName
sessionList	dataLabelScheduledFor
sessionList	delete
sessionList	deleteSessionTitle
sessionList	failedToDeleteSession
sessionList	headerDate
sessionList	headerName
sessionList	more
sessionList	open
sessionList	refresh
sessionList	refreshView
sessionList	session
sessionList	sessionDeleted
sessionList	toolbarTitle
sessionSettingsManager	dateLabel
sessionSettingsManager	deleteSession
sessionSettingsManager	deleteSessionTitle
sessionSettingsManager	discard
sessionSettingsManager	failedToDeleteSession
sessionSettingsManager	failedToUpdateSession
sessionSettingsManager	nameLabel
sessionSettingsManager	save
sessionSettingsManager	session
sessionSettingsManager	sessionDeleted
sessionSettingsManager	sessionUpdated
sessionSettingsManager	timeLabel
tokenDebug	claimsHeader
tokenDebug	getClaimsButton
tokenDebug	homeHeader
tokenDebug	isAuthenticatedSuffix
tokenDebug	notAuthenticated
tokenDebug	pageTitle
tokenDebug	welcome
translationsManager	failedToLoadTranslations
translationsManager	failedToSaveTranslations
translationsManager	filterKeyLabel
translationsManager	filtersHeader
translationsManager	filterValueLabel
translationsManager	filterValueLanguageLabel
translationsManager	filterViewLabel
translationsManager	noChangesToSave
translationsManager	noMatches
translationsManager	reviewChangesTitle
translationsManager	saveCta
translationsManager	showOnlySelectedLanguagesLabel
translationsManager	successfullySavedMessage
translationsManager	translationsSavedTitle
translationsSavePreviewDialog	actionCreate
translationsSavePreviewDialog	actionDelete
translationsSavePreviewDialog	actionUpdate
translationsSavePreviewDialog	alertRefresh
translationsSavePreviewDialog	cancelButton
translationsSavePreviewDialog	chipDeleted
translationsSavePreviewDialog	chipNew
translationsSavePreviewDialog	chipUpdated
translationsSavePreviewDialog	confirmAndSaveButton
translationsSavePreviewDialog	saveConfirmationMessage
translationsSavePreviewDialog	tableAction
translationsSavePreviewDialog	tableKey
translationsSavePreviewDialog	tableLanguage
translationsSavePreviewDialog	tableNewValue
translationsSavePreviewDialog	tableView
translationsSavePreviewDialog	title
updateFileDialog	cancel
updateFileDialog	failedToUpdateFile
updateFileDialog	file
updateFileDialog	fileNameCannotBeEmpty
updateFileDialog	fileNameLabel
updateFileDialog	title
updateFileDialog	update
updateFileDialog	updated
updateFolderDialog	cancel
updateFolderDialog	failedToUpdateFolder
updateFolderDialog	folderNameCannotBeEmpty
updateFolderDialog	folderNameLabel
updateFolderDialog	folderUpdated
updateFolderDialog	title
updateFolderDialog	update
updateFolderDialog	userPermissionsTooltip
updateFolderDialog	userSpecificPermissions
updateUserDialog	emailLabel
updateUserDialog	nameLabel
updateUserDialog	roleLabel
updateUserDialog	title
updateUserDialog	usernameLabel
uploadFilesDialog	cancel
uploadFilesDialog	clear
uploadFilesDialog	clickHereOrDragFiles
uploadFilesDialog	upload
uploadManager	cancelled
uploadManager	clear
uploadManager	clearHistory
uploadManager	errorCodePrefix
uploadManager	errorPrefix
uploadManager	noUploads
uploadManager	uploads
userFolderPermissionPicker	actionsHeader
userFolderPermissionPicker	addUser
userFolderPermissionPicker	nameHeader
userFolderPermissionPicker	permissionHeader
userFolderPermissionPicker	removeTooltip
userFolderPermissionPicker	removeUserPermissionTitle
userFolderPermissionPicker	restoreDefaultTooltip
userFolderPermissionPicker	restoreInheritedTitle
userManager	confirm
userManager	confirmUser
userManager	deleteUser
userManager	deleteUserTitle
userManager	emailColumn
userManager	nameColumn
userManager	rejectUser
userManager	roleColumn
userManager	surnameColumn
userManager	title
userManager	user
userManager	usernameColumn
userManager	verifyUserTitle
workspace	contentTab
workspace	errorNoAccess
workspace	forumTab
workspace	forumTitle
workspace	sessionsTab
workspace	settingsTab
workspaceList	actions
workspaceList	clone
workspaceList	cloneWorkspaceTitle
workspaceList	createdOnColumn
workspaceList	createWorkspace
workspaceList	creationDateHeader
workspaceList	deleteWorkspaceTitle
workspaceList	failedToDeleteWorkspace
workspaceList	more
workspaceList	nameColumn
workspaceList	refresh
workspaceList	refreshView
workspaceList	search
workspaceList	workspace
workspaceList	workspaceDeleted
workspaceList	workspaceNameHeader
workspaceList	yourWorkspaces
workspaceMemberManager	addMembers
workspaceMemberManager	legend
workspaceMemberManager	legendDeleted
workspaceMemberManager	legendEditing
workspaceMemberManager	legendModified
workspaceMemberManager	legendNew
workspaceMemberManager	memberColumn
workspaceMemberManager	nameColumn
workspaceMemberManager	roleColumn
workspaceMemberManager	selectAll
workspaceMemberManager	surnameColumn
workspaceMemberManager	title
workspaceMemberManager	usernameColumn
workspaceMemberPicker	nameColumn
workspaceMemberPicker	nameHeader
workspaceMemberPicker	search
workspaceMemberPicker	selectAll
workspaceMemberPicker	selectedColumn
workspaceMemberPicker	selectedHeader
workspaceMemberPicker	sortBy
workspaceMemberPicker	surnameColumn
workspaceMemberPicker	surnameHeader
workspaceMemberPicker	usernameColumn
workspaceMemberPicker	usernameHeader
workspaceMemberPicker	workspaceMembers
workspaceSettingsManager	delete
workspaceSettingsManager	deleteWorkspaceTitle
workspaceSettingsManager	discard
workspaceSettingsManager	failedToDeleteWorkspace
workspaceSettingsManager	failedToUpdateWorkspace
workspaceSettingsManager	role
workspaceSettingsManager	save
workspaceSettingsManager	workspace
workspaceSettingsManager	workspaceDeleted
workspaceSettingsManager	workspaceNameLabel
workspaceSettingsManager	workspaceUpdated
workspaceSettingsManager	yourRolePrefix
dialogService	confirmationDialogText
dialogService	createWorkspaceDialogTitle
dialogService	deleteManyConfirmationText
dialogService	itemWithTypeFormat
dialogService	postsRelatedToFileDialogTitle
dialogService	selectFilesDialogTitle
dialogService	updateUserDialogTitle
recordingTool	saveInApp
\.


--
-- Data for Name: Translations; Type: TABLE DATA; Schema: public; Owner: admin
--

COPY public."Translations" ("Id", "Language", "View", "Key", "Value", "LastUpdated") FROM stdin;
1155	pl	tokenDebug	notAuthenticated	Użytkownik NIE jest uwierzytelniony.	2025-12-10 22:50:02.524584+00
1156	pl	userFolderPermissionPicker	addUser	Dodaj użytkownika	2025-12-10 22:50:02.524584+00
1157	pl	userFolderPermissionPicker	nameHeader	Nazwa	2025-12-10 22:50:02.524584+00
1158	pl	userFolderPermissionPicker	permissionHeader	Uprawnienie	2025-12-10 22:50:02.524584+00
1159	pl	userFolderPermissionPicker	actionsHeader	Akcje	2025-12-10 22:50:02.524584+00
1160	pl	userFolderPermissionPicker	restoreDefaultTooltip	Przywróć domyślne - uprawnienie będzie takie jak w folderze nadrzędnym	2025-12-10 22:50:02.524584+00
1161	pl	userFolderPermissionPicker	restoreInheritedTitle	Przywróć dziedziczone	2025-12-10 22:50:02.524584+00
1162	pl	userFolderPermissionPicker	removeTooltip	Usuń - zastosuje się domyślne uprawnienie folderu	2025-12-10 22:50:02.524584+00
1163	pl	userFolderPermissionPicker	removeUserPermissionTitle	Usuń uprawnienie użytkownika	2025-12-10 22:50:02.524584+00
1164	pl	folderTypePicker	folderTypeLabel	Typ folderu	2025-12-10 22:50:02.524584+00
1165	pl	folderPermissionPicker	permissionLabel	Uprawnienie	2025-12-10 22:50:02.524584+00
1166	pl	folderPermissionPicker	inheritedPrefix	Dziedziczone -	2025-12-10 22:50:02.524584+00
1167	pl	folderPermissionPicker	infoTitle	Informacje	2025-12-10 22:50:02.524584+00
1168	pl	folderPermissionPicker	tooltipTitle	Uprawnienia folderu	2025-12-10 22:50:02.524584+00
1169	pl	folderPermissionPicker	readersHeader	Czytelnicy	2025-12-10 22:50:02.524584+00
1170	pl	folderPermissionPicker	readersPoint1	Przeglądanie zawartości folderu i pobieranie plików	2025-12-10 22:50:02.524584+00
1171	pl	folderPermissionPicker	contributorsHeader	Współtwórcy	2025-12-10 22:50:02.524584+00
1172	pl	folderPermissionPicker	contributorsPoint1	Przeglądanie zawartości folderu i pobieranie plików	2025-12-10 22:50:02.524584+00
1173	pl	folderPermissionPicker	contributorsPoint2	Dodawanie plików i folderów	2025-12-10 22:50:02.524584+00
1103	pl	navigation	menu	Menu	2025-12-10 22:50:02.524584+00
1104	pl	navigation	home	Strona główna	2025-12-10 22:50:02.524584+00
1105	pl	navigation	adminPanel	Panel administracyjny	2025-12-10 22:50:02.524584+00
1106	pl	navigation	videoRecorder	Rejestrator wideo	2025-12-10 22:50:02.524584+00
1107	pl	navigation	storage	Zasoby	2025-12-10 22:50:02.524584+00
1108	pl	home	title	Strona główna	2025-12-10 22:50:02.524584+00
1109	pl	home	adminVerificationRequired	Administrator musi zweryfikować twoje konto zanim skorzystasz z Concerto. Prosimy wrócić później lub skontaktować się z administratorem	2025-12-10 22:50:02.524584+00
1110	pl	admin	title	Panel administratora	2025-12-10 22:50:02.524584+00
1111	pl	admin	unverifiedUsers	Niezweryfikowani użytkownicy	2025-12-10 22:50:02.524584+00
1112	pl	admin	allUsers	Wszyscy użytkownicy	2025-12-10 22:50:02.524584+00
1191	pl	common	actions	Akcje	2025-12-10 22:50:02.524584+00
874	en	recordingTool	selectFolderDialogTitle	Select folder for recording	2025-12-10 22:49:57.730808+00
875	en	recordingTool	selectFolderDialogConfirm	Save here	2025-12-10 22:49:57.730808+00
876	en	recordingTool	recordingPrefix	Recording-	2025-12-10 22:49:57.730808+00
877	en	recordingTool	recordButton	Record	2025-12-10 22:49:57.730808+00
878	en	recordingTool	stopButton	Stop	2025-12-10 22:49:57.730808+00
879	en	recordingTool	saveOnComputer	Save on computer	2025-12-10 22:49:57.730808+00
880	en	recordingTool	discardButton	Discard	2025-12-10 22:49:57.730808+00
881	en	recordingTool	noneOption	None	2025-12-10 22:49:57.730808+00
882	en	recordingTool	audioOnlyRecording	Audio only recording	2025-12-10 22:49:57.730808+00
883	en	recordingTool	noneAudioOnly	None (Audio only)	2025-12-10 22:49:57.730808+00
884	en	tokenDebug	pageTitle	Index	2025-12-10 22:49:57.730808+00
885	en	tokenDebug	homeHeader	Home	2025-12-10 22:49:57.730808+00
886	en	tokenDebug	welcome	Welcome to Concerto	2025-12-10 22:49:57.730808+00
887	en	tokenDebug	claimsHeader	ClaimsPrincipal Data	2025-12-10 22:49:57.730808+00
888	en	tokenDebug	getClaimsButton	Get ClaimsPrincipal Data	2025-12-10 22:49:57.730808+00
889	en	tokenDebug	isAuthenticatedSuffix	 is authenticated.	2025-12-10 22:49:57.730808+00
890	en	tokenDebug	notAuthenticated	The user is NOT authenticated.	2025-12-10 22:49:57.730808+00
891	en	mainLayout	manageAccount	Manage account	2025-12-10 22:49:57.730808+00
892	en	mainLayout	toggleTheme	Toggle theme	2025-12-10 22:49:57.730808+00
893	en	mainLayout	userManual	User manual	2025-12-10 22:49:57.730808+00
894	en	mainLayout	logOut	Log out	2025-12-10 22:49:57.730808+00
895	en	mainLayout	signIn	Sign in	2025-12-10 22:49:57.730808+00
896	en	common	refresh	Refresh	2025-12-10 22:49:57.730808+00
897	en	common	actions	Actions	2025-12-10 22:49:57.730808+00
898	en	common	cancel	Cancel	2025-12-10 22:49:57.730808+00
899	en	common	create	Create	2025-12-10 22:49:57.730808+00
900	en	common	cancelButton	Cancel	2025-12-10 22:49:57.730808+00
901	en	common	updateButton	Update	2025-12-10 22:49:57.730808+00
902	en	common	settings	Settings	2025-12-10 22:49:57.730808+00
903	en	common	search	Search	2025-12-10 22:49:57.730808+00
904	en	translationsManager	filtersHeader	Filters	2025-12-10 22:49:57.730808+00
905	en	translationsManager	filterViewLabel	Filter by View	2025-12-10 22:49:57.730808+00
906	en	translationsManager	filterKeyLabel	Filter by Key	2025-12-10 22:49:57.730808+00
907	en	translationsManager	filterValueLanguageLabel	Language for Value Filter	2025-12-10 22:49:57.730808+00
908	en	translationsManager	filterValueLabel	Filter by Value	2025-12-10 22:49:57.730808+00
909	en	translationsManager	showOnlySelectedLanguagesLabel	Show Only Selected Languages	2025-12-10 22:49:57.730808+00
910	en	translationsManager	noMatches	No translations match the current filters.	2025-12-10 22:49:57.730808+00
911	en	translationsManager	saveCta	Save	2025-12-10 22:49:57.730808+00
912	en	translationsManager	failedToLoadTranslations	Failed to load translations	2025-12-10 22:49:57.730808+00
913	en	translationsManager	noChangesToSave	No changes to save	2025-12-10 22:49:57.730808+00
914	en	translationsManager	reviewChangesTitle	Review Changes	2025-12-10 22:49:57.730808+00
915	en	translationsManager	translationsSavedTitle	Translations Saved	2025-12-10 22:49:57.730808+00
916	en	translationsManager	failedToSaveTranslations	Failed to save translations	2025-12-10 22:49:57.730808+00
917	en	translationsManager	successfullySavedMessage	Successfully saved {0} translation(s).\n\nPlease refresh the page to see the changes reflected in the application.	2025-12-10 22:49:57.730808+00
918	en	languagesManager	title	Languages	2025-12-10 22:49:57.730808+00
919	en	languagesManager	addNewLanguage	Add new language	2025-12-10 22:49:57.730808+00
920	en	languagesManager	nameColumn	Name	2025-12-10 22:49:57.730808+00
921	en	languagesManager	keyColumn	Key	2025-12-10 22:49:57.730808+00
922	en	languagesManager	publicColumn	Public	2025-12-10 22:49:57.730808+00
923	en	languagesManager	deleteLanguage	Delete language	2025-12-10 22:49:57.730808+00
924	en	languagesManager	createDialogTitle	Create New Language	2025-12-10 22:49:57.730808+00
925	en	languagesManager	nameField	Name	2025-12-10 22:49:57.730808+00
926	en	languagesManager	keyField	Key	2025-12-10 22:49:57.730808+00
927	en	languagesManager	keyHelper	Language identifier (e.g., 'en', 'pl', 'es')	2025-12-10 22:49:57.730808+00
928	en	languagesManager	failedToLoadLanguages	Failed to load languages	2025-12-10 22:49:57.730808+00
929	en	languagesManager	languageNameRequired	Language name is required	2025-12-10 22:49:57.730808+00
930	en	languagesManager	languageKeyRequired	Language key is required	2025-12-10 22:49:57.730808+00
931	en	languagesManager	languageCreated	Language '{0}' created successfully	2025-12-10 22:49:57.730808+00
932	en	languagesManager	failedToCreateLanguage	Failed to create language: {0}	2025-12-10 22:49:57.730808+00
933	en	languagesManager	languageNowPrivate	Language '{0}' is now private. Refresh to see changes.	2025-12-10 22:49:57.730808+00
1237	pl	userManager	usernameColumn	Nazwa użytkownika	2025-12-10 22:50:02.524584+00
1354	pl	inputStringDialog	ok	OK	2025-12-10 22:50:02.524584+00
839	en	navigation	menu	Menu	2025-12-10 22:49:57.730808+00
840	en	navigation	home	Home	2025-12-10 22:49:57.730808+00
841	en	navigation	adminPanel	Admin Panel	2025-12-10 22:49:57.730808+00
842	en	navigation	videoRecorder	Video Recorder	2025-12-10 22:49:57.730808+00
843	en	navigation	storage	Storage	2025-12-10 22:49:57.730808+00
844	en	home	title	Home	2025-12-10 22:49:57.730808+00
845	en	home	adminVerificationRequired	An administrator must verify your account before accessing Concerto. Please come back later or contact your administrator.	2025-12-10 22:49:57.730808+00
846	en	admin	title	Admin Panel	2025-12-10 22:49:57.730808+00
847	en	admin	unverifiedUsers	Unverified users	2025-12-10 22:49:57.730808+00
848	en	admin	allUsers	All users	2025-12-10 22:49:57.730808+00
849	en	admin	more	More	2025-12-10 22:49:57.730808+00
850	en	admin	languages	Languages	2025-12-10 22:49:57.730808+00
851	en	admin	translations	Translations	2025-12-10 22:49:57.730808+00
852	en	authentication	logInFailed	Your login was not successful.	2025-12-10 22:49:57.730808+00
853	en	authentication	logOut	Logging out...	2025-12-10 22:49:57.730808+00
854	en	authentication	logOutSucceeded	You have been logged out successfully	2025-12-10 22:49:57.730808+00
855	en	authentication	loggingIn	Redirecting you to the login screen...	2025-12-10 22:49:57.730808+00
856	en	authentication	completingLoggingIn	Login successful. One moment...	2025-12-10 22:49:57.730808+00
857	en	app	authorizing	Authorizing...	2025-12-10 22:49:57.730808+00
858	en	app	pleaseLogIn	Please log in to continue.	2025-12-10 22:49:57.730808+00
859	en	app	notFoundTitle	Not found	2025-12-10 22:49:57.730808+00
860	en	app	notFoundBody	Sorry, there's nothing at this address.	2025-12-10 22:49:57.730808+00
861	en	profile	title	Your profile	2025-12-10 22:49:57.730808+00
862	en	profile	details	Details	2025-12-10 22:49:57.730808+00
863	en	profile	userName	User name	2025-12-10 22:49:57.730808+00
864	en	profile	firstName	First name	2025-12-10 22:49:57.730808+00
865	en	profile	lastName	Last name	2025-12-10 22:49:57.730808+00
866	en	profile	userId	User Id	2025-12-10 22:49:57.730808+00
867	en	manual	title	User manual	2025-12-10 22:49:57.730808+00
868	en	manual	noPdfSupport	Your browser doesn't support PDF preview.	2025-12-10 22:49:57.730808+00
869	en	manual	openManualCta	Click here to open manual.	2025-12-10 22:49:57.730808+00
870	en	manual	breadcrumb	Manual	2025-12-10 22:49:57.730808+00
871	en	recordingTool	pageTitle	Video recorder	2025-12-10 22:49:57.730808+00
872	en	recordingTool	mobileUnavailable	Feature unavailable on mobile devices	2025-12-10 22:49:57.730808+00
873	en	recordingTool	recordingName	Recording name	2025-12-10 22:49:57.730808+00
934	en	languagesManager	languageNowPublic	Language '{0}' is now public. Refresh to see changes.	2025-12-10 22:49:57.730808+00
935	en	languagesManager	failedToUpdateLanguage	Failed to update language: {0}	2025-12-10 22:49:57.730808+00
936	en	languagesManager	deleteLanguageTitle	Delete language	2025-12-10 22:49:57.730808+00
937	en	languagesManager	language	language	2025-12-10 22:49:57.730808+00
938	en	languagesManager	languageDeleted	Language '{0}' deleted successfully. Refresh to see changes.	2025-12-10 22:49:57.730808+00
939	en	languagesManager	failedToDeleteLanguage	Failed to delete language: {0}	2025-12-10 22:49:57.730808+00
940	en	userManager	title	Users	2025-12-10 22:49:57.730808+00
941	en	userManager	nameColumn	Name	2025-12-10 22:49:57.730808+00
942	en	userManager	surnameColumn	Surname	2025-12-10 22:49:57.730808+00
943	en	userManager	usernameColumn	Username	2025-12-10 22:49:57.730808+00
944	en	userManager	emailColumn	Email	2025-12-10 22:49:57.730808+00
945	en	userManager	roleColumn	Role	2025-12-10 22:49:57.730808+00
946	en	userManager	confirmUser	Confirm user	2025-12-10 22:49:57.730808+00
947	en	userManager	rejectUser	Reject user	2025-12-10 22:49:57.730808+00
948	en	userManager	deleteUser	Delete user	2025-12-10 22:49:57.730808+00
949	en	userManager	verifyUserTitle	Verify user	2025-12-10 22:49:57.730808+00
950	en	userManager	confirm	confirm	2025-12-10 22:49:57.730808+00
951	en	userManager	user	user	2025-12-10 22:49:57.730808+00
952	en	userManager	deleteUserTitle	Delete user	2025-12-10 22:49:57.730808+00
953	en	uploadManager	uploads	Uploads	2025-12-10 22:49:57.730808+00
954	en	uploadManager	noUploads	No uploads	2025-12-10 22:49:57.730808+00
955	en	uploadManager	clearHistory	Clear history	2025-12-10 22:49:57.730808+00
956	en	uploadManager	cancelled	Cancelled	2025-12-10 22:49:57.730808+00
957	en	uploadManager	errorCodePrefix	Error code:	2025-12-10 22:49:57.730808+00
958	en	uploadManager	errorPrefix	Error:	2025-12-10 22:49:57.730808+00
959	en	uploadManager	clear	Clear	2025-12-10 22:49:57.730808+00
960	en	translationsSavePreviewDialog	title	Review Changes	2025-12-10 22:49:57.730808+00
961	en	translationsSavePreviewDialog	tableView	View	2025-12-10 22:49:57.730808+00
962	en	translationsSavePreviewDialog	tableKey	Key	2025-12-10 22:49:57.730808+00
963	en	translationsSavePreviewDialog	tableLanguage	Language	2025-12-10 22:49:57.730808+00
964	en	translationsSavePreviewDialog	tableNewValue	New Value	2025-12-10 22:49:57.730808+00
965	en	translationsSavePreviewDialog	tableAction	Action	2025-12-10 22:49:57.730808+00
966	en	translationsSavePreviewDialog	chipDeleted	Will be deleted	2025-12-10 22:49:57.730808+00
967	en	translationsSavePreviewDialog	chipNew	New	2025-12-10 22:49:57.730808+00
968	en	translationsSavePreviewDialog	chipUpdated	Updated	2025-12-10 22:49:57.730808+00
969	en	translationsSavePreviewDialog	actionDelete	Delete	2025-12-10 22:49:57.730808+00
970	en	translationsSavePreviewDialog	actionCreate	Create	2025-12-10 22:49:57.730808+00
971	en	translationsSavePreviewDialog	actionUpdate	Update	2025-12-10 22:49:57.730808+00
972	en	translationsSavePreviewDialog	alertRefresh	After saving, you will need to refresh the page to see the changes reflected in the application.	2025-12-10 22:49:57.730808+00
973	en	translationsSavePreviewDialog	cancelButton	Cancel	2025-12-10 22:49:57.730808+00
974	en	translationsSavePreviewDialog	confirmAndSaveButton	Confirm and Save	2025-12-10 22:49:57.730808+00
975	en	translationsSavePreviewDialog	saveConfirmationMessage	You are about to save {0} translation(s). Please review the changes below:	2025-12-10 22:49:57.730808+00
976	en	userFolderPermissionPicker	addUser	Add user	2025-12-10 22:49:57.730808+00
977	en	userFolderPermissionPicker	nameHeader	Name	2025-12-10 22:49:57.730808+00
978	en	userFolderPermissionPicker	permissionHeader	Permission	2025-12-10 22:49:57.730808+00
979	en	userFolderPermissionPicker	actionsHeader	Actions	2025-12-10 22:49:57.730808+00
980	en	userFolderPermissionPicker	restoreDefaultTooltip	Restore to default - permission will be the same as parent folder	2025-12-10 22:49:57.730808+00
981	en	userFolderPermissionPicker	restoreInheritedTitle	Restore inherited	2025-12-10 22:49:57.730808+00
982	en	userFolderPermissionPicker	removeTooltip	Remove - folder's default permission will apply for removed user	2025-12-10 22:49:57.730808+00
983	en	userFolderPermissionPicker	removeUserPermissionTitle	Remove user permission	2025-12-10 22:49:57.730808+00
984	en	folderTypePicker	folderTypeLabel	Folder type	2025-12-10 22:49:57.730808+00
985	en	folderPermissionPicker	permissionLabel	Permission	2025-12-10 22:49:57.730808+00
986	en	folderPermissionPicker	inheritedPrefix	Inherited -	2025-12-10 22:49:57.730808+00
987	en	folderPermissionPicker	infoTitle	Info	2025-12-10 22:49:57.730808+00
988	en	folderPermissionPicker	tooltipTitle	Folder permissions	2025-12-10 22:49:57.730808+00
989	en	folderPermissionPicker	readersHeader	Readers	2025-12-10 22:49:57.730808+00
990	en	folderPermissionPicker	readersPoint1	View folder content and download files	2025-12-10 22:49:57.730808+00
991	en	folderPermissionPicker	contributorsHeader	Contributors	2025-12-10 22:49:57.730808+00
992	en	folderPermissionPicker	contributorsPoint1	View folder content and download files	2025-12-10 22:49:57.730808+00
993	en	folderPermissionPicker	contributorsPoint2	Add files and folders	2025-12-10 22:49:57.730808+00
994	en	folderPermissionPicker	contributorsPoint3	Remove files and folders owned by them	2025-12-10 22:49:57.730808+00
995	en	folderPermissionPicker	contributorsPoint4	Edit files and folders owned by them	2025-12-10 22:49:57.730808+00
996	en	folderPermissionPicker	editorsHeader	Editors	2025-12-10 22:49:57.730808+00
997	en	folderPermissionPicker	editorsPoint1	View folder content and download files	2025-12-10 22:49:57.730808+00
998	en	folderPermissionPicker	editorsPoint2	Add, edit and remove any files	2025-12-10 22:49:57.730808+00
999	en	folderPermissionPicker	editorsPoint3	Add folders	2025-12-10 22:49:57.730808+00
1000	en	folderPermissionPicker	editorsPoint4	Remove and edit folders owned by them	2025-12-10 22:49:57.730808+00
1001	en	folderPermissionPicker	editorsPoint5	Remove and edit folders in which they have Editor permission	2025-12-10 22:49:57.730808+00
1002	en	folderPermissionPicker	reader	Reader	2025-12-10 22:49:57.730808+00
1003	en	folderPermissionPicker	contributor	Contributor	2025-12-10 22:49:57.730808+00
1004	en	folderPermissionPicker	editor	Editor	2025-12-10 22:49:57.730808+00
1005	en	updateUserDialog	title	User settings	2025-12-10 22:49:57.730808+00
1006	en	updateUserDialog	nameLabel	Name	2025-12-10 22:49:57.730808+00
1007	en	updateUserDialog	usernameLabel	Username	2025-12-10 22:49:57.730808+00
1008	en	updateUserDialog	emailLabel	Email	2025-12-10 22:49:57.730808+00
1009	en	updateUserDialog	roleLabel	Role	2025-12-10 22:49:57.730808+00
1010	en	fileManager	back	Back	2025-12-10 22:49:57.730808+00
1011	en	fileManager	search	Search	2025-12-10 22:49:57.730808+00
1012	en	fileManager	refresh	Refresh	2025-12-10 22:49:57.730808+00
1013	en	fileManager	uploadFiles	Upload files	2025-12-10 22:49:57.730808+00
1014	en	fileManager	createFolder	Create folder	2025-12-10 22:49:57.730808+00
1015	en	fileManager	toggleSelectionMode	Toggle selection mode	2025-12-10 22:49:57.730808+00
1016	en	fileManager	more	More	2025-12-10 22:49:57.730808+00
1017	en	fileManager	refreshView	Refresh view	2025-12-10 22:49:57.730808+00
1018	en	fileManager	settings	Settings	2025-12-10 22:49:57.730808+00
1019	en	fileManager	select	Select	2025-12-10 22:49:57.730808+00
1020	en	fileManager	cancelSelection	Cancel selection	2025-12-10 22:49:57.730808+00
1021	en	fileManager	moveSelectedTo	Move selected to	2025-12-10 22:49:57.730808+00
1022	en	fileManager	copySelectedTo	Copy selected to	2025-12-10 22:49:57.730808+00
1023	en	fileManager	deleteSelected	Delete selected	2025-12-10 22:49:57.730808+00
1024	en	fileManager	name	Name	2025-12-10 22:49:57.730808+00
1025	en	fileManager	format	Format	2025-12-10 22:49:57.730808+00
1026	en	fileManager	type	Type	2025-12-10 22:49:57.730808+00
1027	en	fileManager	size	Size	2025-12-10 22:49:57.730808+00
1028	en	fileManager	owner	Owner	2025-12-10 22:49:57.730808+00
1029	en	fileManager	actions	Actions	2025-12-10 22:49:57.730808+00
1030	en	fileManager	open	Open	2025-12-10 22:49:57.730808+00
1031	en	fileManager	delete	Delete	2025-12-10 22:49:57.730808+00
1032	en	fileManager	download	Download	2025-12-10 22:49:57.730808+00
1033	en	fileManager	edit	Edit	2025-12-10 22:49:57.730808+00
1034	en	fileManager	uploadFilesToFolder	Upload files to folder	2025-12-10 22:49:57.730808+00
1035	en	fileManager	deleteFolderItems	Delete folder items	2025-12-10 22:49:57.730808+00
1036	en	fileManager	folderItems	folder items	2025-12-10 22:49:57.730808+00
1037	en	fileManager	itemsDeleted	Items deleted	2025-12-10 22:49:57.730808+00
1038	en	fileManager	failedToDeleteItems	Failed to delete items	2025-12-10 22:49:57.730808+00
1039	en	fileManager	moveItemsTo	Move items to	2025-12-10 22:49:57.730808+00
1040	en	fileManager	moveHere	Move here	2025-12-10 22:49:57.730808+00
1041	en	fileManager	copyItemsTo	Copy items to	2025-12-10 22:49:57.730808+00
1042	en	fileManager	copyHere	Copy here	2025-12-10 22:49:57.730808+00
1043	en	fileManager	deleteFolder	Delete folder	2025-12-10 22:49:57.730808+00
1044	en	fileManager	folder	Folder	2025-12-10 22:49:57.730808+00
1045	en	fileManager	folderDeleted	Folder deleted	2025-12-10 22:49:57.730808+00
1046	en	fileManager	failedToDeleteFolder	Failed to delete folder	2025-12-10 22:49:57.730808+00
1047	en	fileManager	deleteFile	Delete file	2025-12-10 22:49:57.730808+00
1048	en	fileManager	file	file	2025-12-10 22:49:57.730808+00
1049	en	fileManager	fileDeleted	File deleted	2025-12-10 22:49:57.730808+00
1050	en	fileManager	failedToDeleteFile	Failed to delete file	2025-12-10 22:49:57.730808+00
1051	en	fileManager	editFolder	Edit folder	2025-12-10 22:49:57.730808+00
1052	en	fileManager	editFile	Edit file	2025-12-10 22:49:57.730808+00
1053	en	uploadFilesDialog	clickHereOrDragFiles	Click here or drag files	2025-12-10 22:49:57.730808+00
1054	en	uploadFilesDialog	cancel	Cancel	2025-12-10 22:49:57.730808+00
1055	en	uploadFilesDialog	clear	Clear	2025-12-10 22:49:57.730808+00
1056	en	uploadFilesDialog	upload	Upload	2025-12-10 22:49:57.730808+00
1057	en	updateFolderDialog	title	Folder settings	2025-12-10 22:49:57.730808+00
1058	en	updateFolderDialog	folderNameLabel	Folder name	2025-12-10 22:49:57.730808+00
1059	en	updateFolderDialog	userSpecificPermissions	User specific permissions	2025-12-10 22:49:57.730808+00
1060	en	updateFolderDialog	userPermissionsTooltip	Those settings will override folder permissions for specified users	2025-12-10 22:49:57.730808+00
1061	en	updateFolderDialog	cancel	Cancel	2025-12-10 22:49:57.730808+00
1062	en	updateFolderDialog	update	Update	2025-12-10 22:49:57.730808+00
1063	en	updateFolderDialog	folderNameCannotBeEmpty	Folder name cannot be empty	2025-12-10 22:49:57.730808+00
1064	en	updateFolderDialog	folderUpdated	Folder updated	2025-12-10 22:49:57.730808+00
1065	en	updateFolderDialog	failedToUpdateFolder	Failed to update folder	2025-12-10 22:49:57.730808+00
1066	en	updateFileDialog	title	File settings	2025-12-10 22:49:57.730808+00
1067	en	updateFileDialog	fileNameLabel	File name	2025-12-10 22:49:57.730808+00
1068	en	updateFileDialog	cancel	Cancel	2025-12-10 22:49:57.730808+00
1069	en	updateFileDialog	update	Update	2025-12-10 22:49:57.730808+00
1070	en	updateFileDialog	fileNameCannotBeEmpty	File name cannot be empty	2025-12-10 22:49:57.730808+00
1071	en	updateFileDialog	file	File	2025-12-10 22:49:57.730808+00
1072	en	updateFileDialog	updated	updated	2025-12-10 22:49:57.730808+00
1073	en	updateFileDialog	failedToUpdateFile	Failed to update file	2025-12-10 22:49:57.730808+00
1074	en	selectFolderDialog	change	Change	2025-12-10 22:49:57.730808+00
1075	en	selectFolderDialog	cancel	Cancel	2025-12-10 22:49:57.730808+00
1076	en	selectFilesDialog	selectedFiles	Selected Files	2025-12-10 22:49:57.730808+00
1077	en	selectFilesDialog	cancel	Cancel	2025-12-10 22:49:57.730808+00
1078	en	selectFilesDialog	ok	OK	2025-12-10 22:49:57.730808+00
1079	en	confirmationDialog	imSure	I'm sure.	2025-12-10 22:49:57.730808+00
1080	en	confirmationDialog	no	No	2025-12-10 22:49:57.730808+00
1081	en	confirmationDialog	yes	Yes	2025-12-10 22:49:57.730808+00
1082	en	createFolderDialog	folderName	Folder name	2025-12-10 22:49:57.730808+00
1083	en	createFolderDialog	cancel	Cancel	2025-12-10 22:49:57.730808+00
1084	en	createFolderDialog	create	Create	2025-12-10 22:49:57.730808+00
1085	en	createFolderDialog	folderNameCannotBeEmpty	Folder name cannot be empty	2025-12-10 22:49:57.730808+00
1086	en	createFolderDialog	folderCreated	Folder created	2025-12-10 22:49:57.730808+00
1087	en	createFolderDialog	failedToCreateFolder	Failed to create folder	2025-12-10 22:49:57.730808+00
1088	en	inputStringDialog	cancel	Cancel	2025-12-10 22:49:57.730808+00
1089	en	inputStringDialog	ok	OK	2025-12-10 22:49:57.730808+00
1090	en	filePreviewDialog	browserDoesntSupportPdf	Your browser doesn't support PDF preview	2025-12-10 22:49:57.730808+00
1091	en	filePreviewDialog	cannotPreviewFile	Cannot preview this file	2025-12-10 22:49:57.730808+00
1092	en	filePreviewDialog	close	Close	2025-12-10 22:49:57.730808+00
1093	en	filePreviewDialog	download	Download	2025-12-10 22:49:57.730808+00
1094	en	infoDialog	ok	OK	2025-12-10 22:49:57.730808+00
1095	en	recordingTool	saveInApp	Save in Concerto	2025-12-10 22:49:57.730808+00
1096	en	dialogService	confirmationDialogText	Are you sure you want to {0} {1}?	2025-12-10 22:49:57.730808+00
1097	en	dialogService	itemWithTypeFormat	{0} '{1}'	2025-12-10 22:49:57.730808+00
1098	en	dialogService	deleteManyConfirmationText	Are you sure you want to delete below {0}?\n\n{1}	2025-12-10 22:49:57.730808+00
1099	en	dialogService	createWorkspaceDialogTitle	Create new workspace	2025-12-10 22:49:57.730808+00
1100	en	dialogService	selectFilesDialogTitle	Select files	2025-12-10 22:49:57.730808+00
1101	en	dialogService	postsRelatedToFileDialogTitle	Posts related to {0}	2025-12-10 22:49:57.730808+00
1102	en	dialogService	updateUserDialogTitle	Update user	2025-12-10 22:49:57.730808+00
1174	pl	folderPermissionPicker	contributorsPoint3	Usuwanie plików i folderów będących ich własnością	2025-12-10 22:50:02.524584+00
1175	pl	folderPermissionPicker	contributorsPoint4	Edycja plików i folderów będących ich własnością	2025-12-10 22:50:02.524584+00
1176	pl	folderPermissionPicker	editorsHeader	Redaktorzy	2025-12-10 22:50:02.524584+00
1177	pl	folderPermissionPicker	editorsPoint1	Przeglądanie zawartości folderu i pobieranie plików	2025-12-10 22:50:02.524584+00
1178	pl	folderPermissionPicker	editorsPoint2	Dodawanie, edycja i usuwanie dowolnych plików	2025-12-10 22:50:02.524584+00
1179	pl	folderPermissionPicker	editorsPoint3	Dodawanie folderów	2025-12-10 22:50:02.524584+00
1180	pl	folderPermissionPicker	editorsPoint4	Usuwanie i edycja folderów będących ich własnością	2025-12-10 22:50:02.524584+00
1181	pl	folderPermissionPicker	editorsPoint5	Usuwanie i edycja folderów, w których posiadają uprawnienie Redaktora	2025-12-10 22:50:02.524584+00
1182	pl	folderPermissionPicker	reader	Czytelnik	2025-12-10 22:50:02.524584+00
1183	pl	folderPermissionPicker	contributor	Współtwórca	2025-12-10 22:50:02.524584+00
1184	pl	folderPermissionPicker	editor	Redaktor	2025-12-10 22:50:02.524584+00
1185	pl	mainLayout	manageAccount	Zarządzaj kontem	2025-12-10 22:50:02.524584+00
1186	pl	mainLayout	toggleTheme	Przełącz motyw	2025-12-10 22:50:02.524584+00
1187	pl	mainLayout	userManual	Instrukcja użytkownika	2025-12-10 22:50:02.524584+00
1113	pl	admin	more	Więcej	2025-12-10 22:50:02.524584+00
1114	pl	admin	languages	Języki	2025-12-10 22:50:02.524584+00
1115	pl	admin	translations	Tłumaczenia	2025-12-10 22:50:02.524584+00
1116	pl	authentication	logInFailed	Logowanie się nie powiodło.	2025-12-10 22:50:02.524584+00
1117	pl	authentication	logOut	Wylogowuję...	2025-12-10 22:50:02.524584+00
1118	pl	authentication	logOutSucceeded	Wylogowywanie powiodło się.	2025-12-10 22:50:02.524584+00
1119	pl	authentication	loggingIn	Przekierowanie do ekranu logowania...	2025-12-10 22:50:02.524584+00
1120	pl	authentication	completingLoggingIn	Logowanie powiodło się. Poczekaj chwilę...	2025-12-10 22:50:02.524584+00
1121	pl	app	authorizing	Autoryzowanie...	2025-12-10 22:50:02.524584+00
1122	pl	app	pleaseLogIn	Zaloguj się, aby kontynuować.	2025-12-10 22:50:02.524584+00
1123	pl	app	notFoundTitle	Nie znaleziono	2025-12-10 22:50:02.524584+00
1124	pl	app	notFoundBody	Przepraszamy, pod tym adresem nic nie ma.	2025-12-10 22:50:02.524584+00
1125	pl	profile	title	Twój profil	2025-12-10 22:50:02.524584+00
1126	pl	profile	details	Szczegóły	2025-12-10 22:50:02.524584+00
1127	pl	profile	userName	Nazwa użytkownika	2025-12-10 22:50:02.524584+00
1128	pl	profile	firstName	Imię	2025-12-10 22:50:02.524584+00
1129	pl	profile	lastName	Nazwisko	2025-12-10 22:50:02.524584+00
1130	pl	profile	userId	Id użytkownika	2025-12-10 22:50:02.524584+00
1131	pl	manual	title	Instrukcja użytkownika	2025-12-10 22:50:02.524584+00
1132	pl	manual	noPdfSupport	Twoja przeglądarka nie obsługuje podglądu PDF.	2025-12-10 22:50:02.524584+00
1133	pl	manual	openManualCta	Kliknij tutaj, aby otworzyć instrukcję.	2025-12-10 22:50:02.524584+00
1134	pl	manual	breadcrumb	Instrukcja	2025-12-10 22:50:02.524584+00
1135	pl	recordingTool	pageTitle	Rejestrator wideo	2025-12-10 22:50:02.524584+00
1136	pl	recordingTool	mobileUnavailable	Funkcja niedostępna na urządzeniach mobilnych	2025-12-10 22:50:02.524584+00
1137	pl	recordingTool	recordingName	Nazwa nagrania	2025-12-10 22:50:02.524584+00
1138	pl	recordingTool	selectFolderDialogTitle	Wybierz folder dla nagrania	2025-12-10 22:50:02.524584+00
1139	pl	recordingTool	selectFolderDialogConfirm	Zapisz tutaj	2025-12-10 22:50:02.524584+00
1140	pl	recordingTool	recordingPrefix	Nagranie-	2025-12-10 22:50:02.524584+00
1141	pl	recordingTool	recordButton	Nagrywaj	2025-12-10 22:50:02.524584+00
1142	pl	recordingTool	stopButton	Zatrzymaj	2025-12-10 22:50:02.524584+00
1143	pl	recordingTool	saveInApp	Zapisz w Concerto	2025-12-10 22:50:02.524584+00
1144	pl	recordingTool	saveOnComputer	Zapisz na komputerze	2025-12-10 22:50:02.524584+00
1145	pl	recordingTool	discardButton	Odrzuć	2025-12-10 22:50:02.524584+00
1146	pl	recordingTool	noneOption	Brak	2025-12-10 22:50:02.524584+00
1147	pl	recordingTool	audioOnlyRecording	Nagrywanie tylko audio	2025-12-10 22:50:02.524584+00
1148	pl	recordingTool	noneAudioOnly	Brak (tylko audio)	2025-12-10 22:50:02.524584+00
1149	pl	tokenDebug	pageTitle	Indeks	2025-12-10 22:50:02.524584+00
1150	pl	tokenDebug	homeHeader	Strona główna	2025-12-10 22:50:02.524584+00
1151	pl	tokenDebug	welcome	Witamy w Concerto	2025-12-10 22:50:02.524584+00
1152	pl	tokenDebug	claimsHeader	Dane ClaimsPrincipal	2025-12-10 22:50:02.524584+00
1153	pl	tokenDebug	getClaimsButton	Pobierz dane ClaimsPrincipal	2025-12-10 22:50:02.524584+00
1154	pl	tokenDebug	isAuthenticatedSuffix	 jest uwierzytelniony.	2025-12-10 22:50:02.524584+00
1188	pl	mainLayout	logOut	Wyloguj	2025-12-10 22:50:02.524584+00
1192	pl	common	cancel	Anuluj	2025-12-10 22:50:02.524584+00
1189	pl	mainLayout	signIn	Zaloguj się	2025-12-10 22:50:02.524584+00
1190	pl	common	refresh	Odśwież	2025-12-10 22:50:02.524584+00
1193	pl	common	create	Utwórz	2025-12-10 22:50:02.524584+00
1194	pl	common	cancelButton	Anuluj	2025-12-10 22:50:02.524584+00
1195	pl	common	updateButton	Aktualizuj	2025-12-10 22:50:02.524584+00
1196	pl	common	settings	Ustawienia	2025-12-10 22:50:02.524584+00
1197	pl	common	search	Szukaj	2025-12-10 22:50:02.524584+00
1198	pl	translationsManager	filtersHeader	Filtry	2025-12-10 22:50:02.524584+00
1199	pl	translationsManager	filterViewLabel	Filtruj po widoku	2025-12-10 22:50:02.524584+00
1200	pl	translationsManager	filterKeyLabel	Filtruj po kluczu	2025-12-10 22:50:02.524584+00
1201	pl	translationsManager	filterValueLanguageLabel	Język dla filtra wartości	2025-12-10 22:50:02.524584+00
1202	pl	translationsManager	filterValueLabel	Filtruj po wartości	2025-12-10 22:50:02.524584+00
1203	pl	translationsManager	showOnlySelectedLanguagesLabel	Pokaż tylko wybrane języki	2025-12-10 22:50:02.524584+00
1204	pl	translationsManager	noMatches	Brak tłumaczeń spełniających bieżące filtry.	2025-12-10 22:50:02.524584+00
1205	pl	translationsManager	saveCta	Zapisz	2025-12-10 22:50:02.524584+00
1206	pl	translationsManager	failedToLoadTranslations	Nie udało się wczytać tłumaczeń	2025-12-10 22:50:02.524584+00
1207	pl	translationsManager	noChangesToSave	Brak zmian do zapisania	2025-12-10 22:50:02.524584+00
1208	pl	translationsManager	reviewChangesTitle	Przegląd zmian	2025-12-10 22:50:02.524584+00
1209	pl	translationsManager	translationsSavedTitle	Tłumaczenia zapisane	2025-12-10 22:50:02.524584+00
1210	pl	translationsManager	failedToSaveTranslations	Nie udało się zapisać tłumaczeń	2025-12-10 22:50:02.524584+00
1211	pl	translationsManager	successfullySavedMessage	Pomyślnie zapisano {0} tłumaczeń.\n\nProszę odświeżyć stronę, aby zobaczyć zmiany w aplikacji.	2025-12-10 22:50:02.524584+00
1212	pl	languagesManager	title	Języki	2025-12-10 22:50:02.524584+00
1213	pl	languagesManager	addNewLanguage	Dodaj nowy język	2025-12-10 22:50:02.524584+00
1214	pl	languagesManager	nameColumn	Nazwa	2025-12-10 22:50:02.524584+00
1215	pl	languagesManager	keyColumn	Klucz	2025-12-10 22:50:02.524584+00
1216	pl	languagesManager	publicColumn	Publiczny	2025-12-10 22:50:02.524584+00
1217	pl	languagesManager	deleteLanguage	Usuń język	2025-12-10 22:50:02.524584+00
1218	pl	languagesManager	createDialogTitle	Utwórz nowy język	2025-12-10 22:50:02.524584+00
1219	pl	languagesManager	nameField	Nazwa	2025-12-10 22:50:02.524584+00
1220	pl	languagesManager	keyField	Klucz	2025-12-10 22:50:02.524584+00
1221	pl	languagesManager	keyHelper	Identyfikator języka (np. 'en', 'pl', 'es')	2025-12-10 22:50:02.524584+00
1222	pl	languagesManager	failedToLoadLanguages	Nie udało się wczytać języków	2025-12-10 22:50:02.524584+00
1223	pl	languagesManager	languageNameRequired	Nazwa języka jest wymagana	2025-12-10 22:50:02.524584+00
1224	pl	languagesManager	languageKeyRequired	Klucz języka jest wymagany	2025-12-10 22:50:02.524584+00
1225	pl	languagesManager	languageCreated	Język '{0}' utworzony pomyślnie	2025-12-10 22:50:02.524584+00
1226	pl	languagesManager	failedToCreateLanguage	Nie udało się utworzyć języka: {0}	2025-12-10 22:50:02.524584+00
1227	pl	languagesManager	languageNowPrivate	Język '{0}' jest teraz prywatny. Odśwież stronę, aby zobaczyć zmiany.	2025-12-10 22:50:02.524584+00
1228	pl	languagesManager	languageNowPublic	Język '{0}' jest teraz publiczny. Odśwież stronę, aby zobaczyć zmiany.	2025-12-10 22:50:02.524584+00
1229	pl	languagesManager	failedToUpdateLanguage	Nie udało się zaktualizować języka: {0}	2025-12-10 22:50:02.524584+00
1230	pl	languagesManager	deleteLanguageTitle	Usuń język	2025-12-10 22:50:02.524584+00
1231	pl	languagesManager	language	język	2025-12-10 22:50:02.524584+00
1232	pl	languagesManager	languageDeleted	Język '{0}' usunięty pomyślnie. Odśwież stronę, aby zobaczyć zmiany.	2025-12-10 22:50:02.524584+00
1233	pl	languagesManager	failedToDeleteLanguage	Nie udało się usunąć języka: {0}	2025-12-10 22:50:02.524584+00
1234	pl	userManager	title	Użytkownicy	2025-12-10 22:50:02.524584+00
1235	pl	userManager	nameColumn	Imię	2025-12-10 22:50:02.524584+00
1236	pl	userManager	surnameColumn	Nazwisko	2025-12-10 22:50:02.524584+00
1238	pl	userManager	emailColumn	Email	2025-12-10 22:50:02.524584+00
1239	pl	userManager	roleColumn	Rola	2025-12-10 22:50:02.524584+00
1240	pl	userManager	confirmUser	Potwierdź użytkownika	2025-12-10 22:50:02.524584+00
1241	pl	userManager	rejectUser	Odrzuć użytkownika	2025-12-10 22:50:02.524584+00
1242	pl	userManager	deleteUser	Usuń użytkownika	2025-12-10 22:50:02.524584+00
1243	pl	userManager	verifyUserTitle	Zweryfikuj użytkownika	2025-12-10 22:50:02.524584+00
1244	pl	userManager	confirm	potwierdź	2025-12-10 22:50:02.524584+00
1245	pl	userManager	user	użytkownik	2025-12-10 22:50:02.524584+00
1246	pl	userManager	deleteUserTitle	Usuń użytkownika	2025-12-10 22:50:02.524584+00
1247	pl	uploadManager	uploads	Przesyłania	2025-12-10 22:50:02.524584+00
1248	pl	uploadManager	noUploads	Brak przesyłań	2025-12-10 22:50:02.524584+00
1249	pl	uploadManager	clearHistory	Wyczyść historię	2025-12-10 22:50:02.524584+00
1250	pl	uploadManager	cancelled	Anulowano	2025-12-10 22:50:02.524584+00
1251	pl	uploadManager	errorCodePrefix	Kod błędu:	2025-12-10 22:50:02.524584+00
1252	pl	uploadManager	errorPrefix	Błąd:	2025-12-10 22:50:02.524584+00
1253	pl	uploadManager	clear	Wyczyść	2025-12-10 22:50:02.524584+00
1254	pl	translationsSavePreviewDialog	title	Przegląd zmian	2025-12-10 22:50:02.524584+00
1255	pl	translationsSavePreviewDialog	tableView	Widok	2025-12-10 22:50:02.524584+00
1256	pl	translationsSavePreviewDialog	tableKey	Klucz	2025-12-10 22:50:02.524584+00
1257	pl	translationsSavePreviewDialog	tableLanguage	Język	2025-12-10 22:50:02.524584+00
1258	pl	translationsSavePreviewDialog	tableNewValue	Nowa wartość	2025-12-10 22:50:02.524584+00
1259	pl	translationsSavePreviewDialog	tableAction	Akcja	2025-12-10 22:50:02.524584+00
1260	pl	translationsSavePreviewDialog	chipDeleted	Zostanie usunięte	2025-12-10 22:50:02.524584+00
1261	pl	translationsSavePreviewDialog	chipNew	Nowe	2025-12-10 22:50:02.524584+00
1262	pl	translationsSavePreviewDialog	chipUpdated	Zaktualizowano	2025-12-10 22:50:02.524584+00
1263	pl	translationsSavePreviewDialog	actionDelete	Usuń	2025-12-10 22:50:02.524584+00
1264	pl	translationsSavePreviewDialog	actionCreate	Utwórz	2025-12-10 22:50:02.524584+00
1265	pl	translationsSavePreviewDialog	actionUpdate	Aktualizuj	2025-12-10 22:50:02.524584+00
1266	pl	translationsSavePreviewDialog	alertRefresh	Po zapisaniu należy odświeżyć stronę, aby zobaczyć zmiany w aplikacji.	2025-12-10 22:50:02.524584+00
1267	pl	translationsSavePreviewDialog	cancelButton	Anuluj	2025-12-10 22:50:02.524584+00
1268	pl	translationsSavePreviewDialog	confirmAndSaveButton	Potwierdź i zapisz	2025-12-10 22:50:02.524584+00
1269	pl	translationsSavePreviewDialog	saveConfirmationMessage	Zamierzasz zapisać {0} tłumaczeń. Przejrzyj zmiany poniżej:	2025-12-10 22:50:02.524584+00
1270	pl	updateUserDialog	title	Ustawienia użytkownika	2025-12-10 22:50:02.524584+00
1271	pl	updateUserDialog	nameLabel	Imię i nazwisko	2025-12-10 22:50:02.524584+00
1272	pl	updateUserDialog	usernameLabel	Nazwa użytkownika	2025-12-10 22:50:02.524584+00
1273	pl	updateUserDialog	emailLabel	Email	2025-12-10 22:50:02.524584+00
1274	pl	updateUserDialog	roleLabel	Rola	2025-12-10 22:50:02.524584+00
1275	pl	fileManager	back	Wstecz	2025-12-10 22:50:02.524584+00
1276	pl	fileManager	search	Szukaj	2025-12-10 22:50:02.524584+00
1277	pl	fileManager	refresh	Odśwież	2025-12-10 22:50:02.524584+00
1278	pl	fileManager	uploadFiles	Prześlij pliki	2025-12-10 22:50:02.524584+00
1279	pl	fileManager	createFolder	Utwórz folder	2025-12-10 22:50:02.524584+00
1280	pl	fileManager	toggleSelectionMode	Przełącz tryb zaznaczania	2025-12-10 22:50:02.524584+00
1281	pl	fileManager	more	Więcej	2025-12-10 22:50:02.524584+00
1282	pl	fileManager	refreshView	Odśwież widok	2025-12-10 22:50:02.524584+00
1283	pl	fileManager	settings	Ustawienia	2025-12-10 22:50:02.524584+00
1284	pl	fileManager	select	Zaznacz	2025-12-10 22:50:02.524584+00
1285	pl	fileManager	cancelSelection	Anuluj zaznaczenie	2025-12-10 22:50:02.524584+00
1286	pl	fileManager	moveSelectedTo	Przenieś zaznaczone do	2025-12-10 22:50:02.524584+00
1287	pl	fileManager	copySelectedTo	Skopiuj zaznaczone do	2025-12-10 22:50:02.524584+00
1288	pl	fileManager	deleteSelected	Usuń zaznaczone	2025-12-10 22:50:02.524584+00
1289	pl	fileManager	name	Nazwa	2025-12-10 22:50:02.524584+00
1290	pl	fileManager	format	Format	2025-12-10 22:50:02.524584+00
1291	pl	fileManager	type	Typ	2025-12-10 22:50:02.524584+00
1292	pl	fileManager	size	Rozmiar	2025-12-10 22:50:02.524584+00
1293	pl	fileManager	owner	Właściciel	2025-12-10 22:50:02.524584+00
1294	pl	fileManager	actions	Akcje	2025-12-10 22:50:02.524584+00
1295	pl	fileManager	open	Otwórz	2025-12-10 22:50:02.524584+00
1296	pl	fileManager	delete	Usuń	2025-12-10 22:50:02.524584+00
1297	pl	fileManager	download	Pobierz	2025-12-10 22:50:02.524584+00
1298	pl	fileManager	edit	Edytuj	2025-12-10 22:50:02.524584+00
1299	pl	fileManager	uploadFilesToFolder	Prześlij pliki do folderu	2025-12-10 22:50:02.524584+00
1300	pl	fileManager	deleteFolderItems	Usuń elementy folderu	2025-12-10 22:50:02.524584+00
1301	pl	fileManager	folderItems	elementy folderu	2025-12-10 22:50:02.524584+00
1302	pl	fileManager	itemsDeleted	Elementy usunięte	2025-12-10 22:50:02.524584+00
1303	pl	fileManager	failedToDeleteItems	Nie udało się usunąć elementów	2025-12-10 22:50:02.524584+00
1304	pl	fileManager	moveItemsTo	Przenieś elementy do	2025-12-10 22:50:02.524584+00
1305	pl	fileManager	moveHere	Przenieś tutaj	2025-12-10 22:50:02.524584+00
1306	pl	fileManager	copyItemsTo	Skopiuj elementy do	2025-12-10 22:50:02.524584+00
1307	pl	fileManager	copyHere	Skopiuj tutaj	2025-12-10 22:50:02.524584+00
1308	pl	fileManager	deleteFolder	Usuń folder	2025-12-10 22:50:02.524584+00
1309	pl	fileManager	folder	Folder	2025-12-10 22:50:02.524584+00
1310	pl	fileManager	folderDeleted	Folder usunięty	2025-12-10 22:50:02.524584+00
1311	pl	fileManager	failedToDeleteFolder	Nie udało się usunąć folderu	2025-12-10 22:50:02.524584+00
1312	pl	fileManager	deleteFile	Usuń plik	2025-12-10 22:50:02.524584+00
1313	pl	fileManager	file	plik	2025-12-10 22:50:02.524584+00
1314	pl	fileManager	fileDeleted	Plik usunięty	2025-12-10 22:50:02.524584+00
1315	pl	fileManager	failedToDeleteFile	Nie udało się usunąć pliku	2025-12-10 22:50:02.524584+00
1316	pl	fileManager	editFolder	Edytuj folder	2025-12-10 22:50:02.524584+00
1317	pl	fileManager	editFile	Edytuj plik	2025-12-10 22:50:02.524584+00
1318	pl	uploadFilesDialog	clickHereOrDragFiles	Kliknij tutaj lub przeciągnij pliki	2025-12-10 22:50:02.524584+00
1319	pl	uploadFilesDialog	cancel	Anuluj	2025-12-10 22:50:02.524584+00
1320	pl	uploadFilesDialog	clear	Wyczyść	2025-12-10 22:50:02.524584+00
1321	pl	uploadFilesDialog	upload	Prześlij	2025-12-10 22:50:02.524584+00
1322	pl	updateFolderDialog	title	Ustawienia folderu	2025-12-10 22:50:02.524584+00
1323	pl	updateFolderDialog	folderNameLabel	Nazwa folderu	2025-12-10 22:50:02.524584+00
1324	pl	updateFolderDialog	userSpecificPermissions	Uprawnienia użytkowników	2025-12-10 22:50:02.524584+00
1325	pl	updateFolderDialog	userPermissionsTooltip	Te ustawienia nadpiszą uprawnienia folderu dla określonych użytkowników	2025-12-10 22:50:02.524584+00
1326	pl	updateFolderDialog	cancel	Anuluj	2025-12-10 22:50:02.524584+00
1327	pl	updateFolderDialog	update	Aktualizuj	2025-12-10 22:50:02.524584+00
1328	pl	updateFolderDialog	folderNameCannotBeEmpty	Nazwa folderu nie może być pusta	2025-12-10 22:50:02.524584+00
1329	pl	updateFolderDialog	folderUpdated	Folder zaktualizowany	2025-12-10 22:50:02.524584+00
1330	pl	updateFolderDialog	failedToUpdateFolder	Nie udało się zaktualizować folderu	2025-12-10 22:50:02.524584+00
1331	pl	updateFileDialog	title	Ustawienia pliku	2025-12-10 22:50:02.524584+00
1332	pl	updateFileDialog	fileNameLabel	Nazwa pliku	2025-12-10 22:50:02.524584+00
1333	pl	updateFileDialog	cancel	Anuluj	2025-12-10 22:50:02.524584+00
1334	pl	updateFileDialog	update	Aktualizuj	2025-12-10 22:50:02.524584+00
1335	pl	updateFileDialog	fileNameCannotBeEmpty	Nazwa pliku nie może być pusta	2025-12-10 22:50:02.524584+00
1336	pl	updateFileDialog	file	Plik	2025-12-10 22:50:02.524584+00
1337	pl	updateFileDialog	updated	zaktualizowany	2025-12-10 22:50:02.524584+00
1338	pl	updateFileDialog	failedToUpdateFile	Nie udało się zaktualizować pliku	2025-12-10 22:50:02.524584+00
1339	pl	selectFolderDialog	change	Zmień	2025-12-10 22:50:02.524584+00
1340	pl	selectFolderDialog	cancel	Anuluj	2025-12-10 22:50:02.524584+00
1341	pl	selectFilesDialog	selectedFiles	Wybrane pliki	2025-12-10 22:50:02.524584+00
1342	pl	selectFilesDialog	cancel	Anuluj	2025-12-10 22:50:02.524584+00
1343	pl	selectFilesDialog	ok	OK	2025-12-10 22:50:02.524584+00
1344	pl	confirmationDialog	imSure	Jestem pewien.	2025-12-10 22:50:02.524584+00
1345	pl	confirmationDialog	no	Nie	2025-12-10 22:50:02.524584+00
1346	pl	confirmationDialog	yes	Tak	2025-12-10 22:50:02.524584+00
1347	pl	createFolderDialog	folderName	Nazwa folderu	2025-12-10 22:50:02.524584+00
1348	pl	createFolderDialog	cancel	Anuluj	2025-12-10 22:50:02.524584+00
1349	pl	createFolderDialog	create	Utwórz	2025-12-10 22:50:02.524584+00
1350	pl	createFolderDialog	folderNameCannotBeEmpty	Nazwa folderu nie może być pusta	2025-12-10 22:50:02.524584+00
1351	pl	createFolderDialog	folderCreated	Folder utworzony	2025-12-10 22:50:02.524584+00
1352	pl	createFolderDialog	failedToCreateFolder	Nie udało się utworzyć folderu	2025-12-10 22:50:02.524584+00
1353	pl	inputStringDialog	cancel	Anuluj	2025-12-10 22:50:02.524584+00
1355	pl	filePreviewDialog	browserDoesntSupportPdf	Twoja przeglądarka nie obsługuje podglądu PDF	2025-12-10 22:50:02.524584+00
1356	pl	filePreviewDialog	cannotPreviewFile	Nie można wyświetlić podglądu tego pliku	2025-12-10 22:50:02.524584+00
1357	pl	filePreviewDialog	close	Zamknij	2025-12-10 22:50:02.524584+00
1358	pl	filePreviewDialog	download	Pobierz	2025-12-10 22:50:02.524584+00
1359	pl	infoDialog	ok	OK	2025-12-10 22:50:02.524584+00
1360	pl	dialogService	confirmationDialogText	Czy na pewno chcesz {0} {1}?	2025-12-10 22:50:02.524584+00
1361	pl	dialogService	itemWithTypeFormat	{0} '{1}'	2025-12-10 22:50:02.524584+00
1362	pl	dialogService	deleteManyConfirmationText	Czy na pewno chcesz usunąć poniższe {0}?\n\n{1}	2025-12-10 22:50:02.524584+00
1363	pl	dialogService	createWorkspaceDialogTitle	Utwórz nową przestrzeń roboczą	2025-12-10 22:50:02.524584+00
1364	pl	dialogService	selectFilesDialogTitle	Wybierz pliki	2025-12-10 22:50:02.524584+00
1365	pl	dialogService	postsRelatedToFileDialogTitle	Posty powiązane z {0}	2025-12-10 22:50:02.524584+00
1366	pl	dialogService	updateUserDialogTitle	Zaktualizuj użytkownika	2025-12-10 22:50:02.524584+00
\.


--
-- Data for Name: UploadedFiles; Type: TABLE DATA; Schema: public; Owner: admin
--

COPY public."UploadedFiles" ("Id", "FolderId", "OwnerId", "Size", "DisplayName", "Extension", "MimeType", "StorageName") FROM stdin;
\.


--
-- Data for Name: UserFolderPermissions; Type: TABLE DATA; Schema: public; Owner: admin
--

COPY public."UserFolderPermissions" ("UserId", "FolderId", "Permission_Type", "Permission_Inherited") FROM stdin;
\.


--
-- Data for Name: Users; Type: TABLE DATA; Schema: public; Owner: admin
--

COPY public."Users" ("Id", "Username", "FirstName", "LastName") FROM stdin;
1b47e0c0-668d-4020-959c-412c241fdd05	admin	admin	admin
\.


--
-- Data for Name: WorkspaceUsers; Type: TABLE DATA; Schema: public; Owner: admin
--

COPY public."WorkspaceUsers" ("WorkspaceId", "UserId", "Role") FROM stdin;
\.


--
-- Data for Name: Workspaces; Type: TABLE DATA; Schema: public; Owner: admin
--

COPY public."Workspaces" ("Id", "Name", "Description", "CreatedDate", "RootFolderId") FROM stdin;
-1	MOCK_TREE_ROOT	Mocked tree root for prototype purposes.	2025-11-16 15:38:22.022442+00	-1
\.


--
-- Data for Name: __EFMigrationsHistory; Type: TABLE DATA; Schema: public; Owner: admin
--

COPY public."__EFMigrationsHistory" ("MigrationId", "ProductVersion") FROM stdin;
20240603215141_Initial	7.0.5
20250711201107_AddTreeRoot	9.0.0
20250811205128_AddTranslationsModel	9.0.0
20250911162429_PendingChanges	9.0.0
20250915164446_PendingChanges2	9.0.0
20250925194427_RemoveTranslationModelRestrictions	9.0.0
20250925215346_AddLanguageModel	9.0.0
20251011135544_Change translations key to id	9.0.0
20251011154607_AddTranslationLocation	9.0.0
20251116152125_RemoveSessionsFolder	9.0.0
\.


--
-- Name: Comments_Id_seq; Type: SEQUENCE SET; Schema: public; Owner: admin
--

SELECT pg_catalog.setval('public."Comments_Id_seq"', 2, true);


--
-- Name: DawProjects_ProjectId_seq; Type: SEQUENCE SET; Schema: public; Owner: admin
--

SELECT pg_catalog.setval('public."DawProjects_ProjectId_seq"', 1, false);


--
-- Name: Folders_Id_seq; Type: SEQUENCE SET; Schema: public; Owner: admin
--

SELECT pg_catalog.setval('public."Folders_Id_seq"', 5, true);


--
-- Name: Post_Id_seq; Type: SEQUENCE SET; Schema: public; Owner: admin
--

SELECT pg_catalog.setval('public."Post_Id_seq"', 1, true);


--
-- Name: Sessions_Id_seq; Type: SEQUENCE SET; Schema: public; Owner: admin
--

SELECT pg_catalog.setval('public."Sessions_Id_seq"', 1, true);


--
-- Name: Tracks_Id_seq; Type: SEQUENCE SET; Schema: public; Owner: admin
--

SELECT pg_catalog.setval('public."Tracks_Id_seq"', 2, true);


--
-- Name: Translations_Id_seq; Type: SEQUENCE SET; Schema: public; Owner: admin
--

SELECT pg_catalog.setval('public."Translations_Id_seq"', 1366, true);


--
-- Name: UploadedFiles_Id_seq; Type: SEQUENCE SET; Schema: public; Owner: admin
--

SELECT pg_catalog.setval('public."UploadedFiles_Id_seq"', 3, true);


--
-- Name: Workspaces_Id_seq; Type: SEQUENCE SET; Schema: public; Owner: admin
--

SELECT pg_catalog.setval('public."Workspaces_Id_seq"', 4, false);


--
-- Name: Comments PK_Comments; Type: CONSTRAINT; Schema: public; Owner: admin
--

ALTER TABLE ONLY public."Comments"
    ADD CONSTRAINT "PK_Comments" PRIMARY KEY ("Id");


--
-- Name: DawProjects PK_DawProjects; Type: CONSTRAINT; Schema: public; Owner: admin
--

ALTER TABLE ONLY public."DawProjects"
    ADD CONSTRAINT "PK_DawProjects" PRIMARY KEY ("ProjectId");


--
-- Name: Folders PK_Folders; Type: CONSTRAINT; Schema: public; Owner: admin
--

ALTER TABLE ONLY public."Folders"
    ADD CONSTRAINT "PK_Folders" PRIMARY KEY ("Id");


--
-- Name: Languages PK_Languages; Type: CONSTRAINT; Schema: public; Owner: admin
--

ALTER TABLE ONLY public."Languages"
    ADD CONSTRAINT "PK_Languages" PRIMARY KEY ("Key");


--
-- Name: Post PK_Post; Type: CONSTRAINT; Schema: public; Owner: admin
--

ALTER TABLE ONLY public."Post"
    ADD CONSTRAINT "PK_Post" PRIMARY KEY ("Id");


--
-- Name: PostUploadedFile PK_PostUploadedFile; Type: CONSTRAINT; Schema: public; Owner: admin
--

ALTER TABLE ONLY public."PostUploadedFile"
    ADD CONSTRAINT "PK_PostUploadedFile" PRIMARY KEY ("PostId", "ReferencedFilesId");


--
-- Name: Sessions PK_Sessions; Type: CONSTRAINT; Schema: public; Owner: admin
--

ALTER TABLE ONLY public."Sessions"
    ADD CONSTRAINT "PK_Sessions" PRIMARY KEY ("Id");


--
-- Name: Tracks PK_Tracks; Type: CONSTRAINT; Schema: public; Owner: admin
--

ALTER TABLE ONLY public."Tracks"
    ADD CONSTRAINT "PK_Tracks" PRIMARY KEY ("ProjectId", "Id");


--
-- Name: TranslationLocations PK_TranslationLocations; Type: CONSTRAINT; Schema: public; Owner: admin
--

ALTER TABLE ONLY public."TranslationLocations"
    ADD CONSTRAINT "PK_TranslationLocations" PRIMARY KEY ("View", "Key");


--
-- Name: Translations PK_Translations; Type: CONSTRAINT; Schema: public; Owner: admin
--

ALTER TABLE ONLY public."Translations"
    ADD CONSTRAINT "PK_Translations" PRIMARY KEY ("Id");


--
-- Name: UploadedFiles PK_UploadedFiles; Type: CONSTRAINT; Schema: public; Owner: admin
--

ALTER TABLE ONLY public."UploadedFiles"
    ADD CONSTRAINT "PK_UploadedFiles" PRIMARY KEY ("Id");


--
-- Name: UserFolderPermissions PK_UserFolderPermissions; Type: CONSTRAINT; Schema: public; Owner: admin
--

ALTER TABLE ONLY public."UserFolderPermissions"
    ADD CONSTRAINT "PK_UserFolderPermissions" PRIMARY KEY ("UserId", "FolderId");


--
-- Name: Users PK_Users; Type: CONSTRAINT; Schema: public; Owner: admin
--

ALTER TABLE ONLY public."Users"
    ADD CONSTRAINT "PK_Users" PRIMARY KEY ("Id");


--
-- Name: WorkspaceUsers PK_WorkspaceUsers; Type: CONSTRAINT; Schema: public; Owner: admin
--

ALTER TABLE ONLY public."WorkspaceUsers"
    ADD CONSTRAINT "PK_WorkspaceUsers" PRIMARY KEY ("WorkspaceId", "UserId");


--
-- Name: Workspaces PK_Workspaces; Type: CONSTRAINT; Schema: public; Owner: admin
--

ALTER TABLE ONLY public."Workspaces"
    ADD CONSTRAINT "PK_Workspaces" PRIMARY KEY ("Id");


--
-- Name: __EFMigrationsHistory PK___EFMigrationsHistory; Type: CONSTRAINT; Schema: public; Owner: admin
--

ALTER TABLE ONLY public."__EFMigrationsHistory"
    ADD CONSTRAINT "PK___EFMigrationsHistory" PRIMARY KEY ("MigrationId");


--
-- Name: IX_Comments_AuthorId; Type: INDEX; Schema: public; Owner: admin
--

CREATE INDEX "IX_Comments_AuthorId" ON public."Comments" USING btree ("AuthorId");


--
-- Name: IX_Comments_PostId; Type: INDEX; Schema: public; Owner: admin
--

CREATE INDEX "IX_Comments_PostId" ON public."Comments" USING btree ("PostId");


--
-- Name: IX_Folders_OwnerId; Type: INDEX; Schema: public; Owner: admin
--

CREATE INDEX "IX_Folders_OwnerId" ON public."Folders" USING btree ("OwnerId");


--
-- Name: IX_Folders_ParentId; Type: INDEX; Schema: public; Owner: admin
--

CREATE INDEX "IX_Folders_ParentId" ON public."Folders" USING btree ("ParentId");


--
-- Name: IX_Folders_WorkspaceId; Type: INDEX; Schema: public; Owner: admin
--

CREATE INDEX "IX_Folders_WorkspaceId" ON public."Folders" USING btree ("WorkspaceId");


--
-- Name: IX_PostUploadedFile_ReferencedFilesId; Type: INDEX; Schema: public; Owner: admin
--

CREATE INDEX "IX_PostUploadedFile_ReferencedFilesId" ON public."PostUploadedFile" USING btree ("ReferencedFilesId");


--
-- Name: IX_Post_AuthorId; Type: INDEX; Schema: public; Owner: admin
--

CREATE INDEX "IX_Post_AuthorId" ON public."Post" USING btree ("AuthorId");


--
-- Name: IX_Post_WorkspaceId; Type: INDEX; Schema: public; Owner: admin
--

CREATE INDEX "IX_Post_WorkspaceId" ON public."Post" USING btree ("WorkspaceId");


--
-- Name: IX_Sessions_MeetingGuid; Type: INDEX; Schema: public; Owner: admin
--

CREATE INDEX "IX_Sessions_MeetingGuid" ON public."Sessions" USING btree ("MeetingGuid");


--
-- Name: IX_Sessions_WorkspaceId; Type: INDEX; Schema: public; Owner: admin
--

CREATE INDEX "IX_Sessions_WorkspaceId" ON public."Sessions" USING btree ("WorkspaceId");


--
-- Name: IX_Tracks_SelectedByUserId; Type: INDEX; Schema: public; Owner: admin
--

CREATE INDEX "IX_Tracks_SelectedByUserId" ON public."Tracks" USING btree ("SelectedByUserId");


--
-- Name: IX_Translation_LastUpdated; Type: INDEX; Schema: public; Owner: admin
--

CREATE INDEX "IX_Translation_LastUpdated" ON public."Translations" USING btree ("LastUpdated");


--
-- Name: IX_Translations_Language_View_Key; Type: INDEX; Schema: public; Owner: admin
--

CREATE UNIQUE INDEX "IX_Translations_Language_View_Key" ON public."Translations" USING btree ("Language", "View", "Key");


--
-- Name: IX_Translations_View_Key; Type: INDEX; Schema: public; Owner: admin
--

CREATE INDEX "IX_Translations_View_Key" ON public."Translations" USING btree ("View", "Key");


--
-- Name: IX_UploadedFiles_FolderId; Type: INDEX; Schema: public; Owner: admin
--

CREATE INDEX "IX_UploadedFiles_FolderId" ON public."UploadedFiles" USING btree ("FolderId");


--
-- Name: IX_UploadedFiles_OwnerId; Type: INDEX; Schema: public; Owner: admin
--

CREATE INDEX "IX_UploadedFiles_OwnerId" ON public."UploadedFiles" USING btree ("OwnerId");


--
-- Name: IX_UserFolderPermissions_FolderId; Type: INDEX; Schema: public; Owner: admin
--

CREATE INDEX "IX_UserFolderPermissions_FolderId" ON public."UserFolderPermissions" USING btree ("FolderId");


--
-- Name: IX_UserFolderPermissions_UserId; Type: INDEX; Schema: public; Owner: admin
--

CREATE INDEX "IX_UserFolderPermissions_UserId" ON public."UserFolderPermissions" USING btree ("UserId");


--
-- Name: IX_WorkspaceUsers_UserId; Type: INDEX; Schema: public; Owner: admin
--

CREATE INDEX "IX_WorkspaceUsers_UserId" ON public."WorkspaceUsers" USING btree ("UserId");


--
-- Name: IX_WorkspaceUsers_WorkspaceId; Type: INDEX; Schema: public; Owner: admin
--

CREATE INDEX "IX_WorkspaceUsers_WorkspaceId" ON public."WorkspaceUsers" USING btree ("WorkspaceId");


--
-- Name: IX_Workspaces_RootFolderId; Type: INDEX; Schema: public; Owner: admin
--

CREATE INDEX "IX_Workspaces_RootFolderId" ON public."Workspaces" USING btree ("RootFolderId");


--
-- Name: Comments FK_Comments_Post_PostId; Type: FK CONSTRAINT; Schema: public; Owner: admin
--

ALTER TABLE ONLY public."Comments"
    ADD CONSTRAINT "FK_Comments_Post_PostId" FOREIGN KEY ("PostId") REFERENCES public."Post"("Id") ON DELETE CASCADE;


--
-- Name: Comments FK_Comments_Users_AuthorId; Type: FK CONSTRAINT; Schema: public; Owner: admin
--

ALTER TABLE ONLY public."Comments"
    ADD CONSTRAINT "FK_Comments_Users_AuthorId" FOREIGN KEY ("AuthorId") REFERENCES public."Users"("Id") ON DELETE CASCADE;


--
-- Name: Folders FK_Folders_Folders_ParentId; Type: FK CONSTRAINT; Schema: public; Owner: admin
--

ALTER TABLE ONLY public."Folders"
    ADD CONSTRAINT "FK_Folders_Folders_ParentId" FOREIGN KEY ("ParentId") REFERENCES public."Folders"("Id") ON DELETE CASCADE;


--
-- Name: Folders FK_Folders_Users_OwnerId; Type: FK CONSTRAINT; Schema: public; Owner: admin
--

ALTER TABLE ONLY public."Folders"
    ADD CONSTRAINT "FK_Folders_Users_OwnerId" FOREIGN KEY ("OwnerId") REFERENCES public."Users"("Id") ON DELETE SET NULL;


--
-- Name: Folders FK_Folders_Workspaces_WorkspaceId; Type: FK CONSTRAINT; Schema: public; Owner: admin
--

ALTER TABLE ONLY public."Folders"
    ADD CONSTRAINT "FK_Folders_Workspaces_WorkspaceId" FOREIGN KEY ("WorkspaceId") REFERENCES public."Workspaces"("Id") ON DELETE CASCADE;


--
-- Name: PostUploadedFile FK_PostUploadedFile_Post_PostId; Type: FK CONSTRAINT; Schema: public; Owner: admin
--

ALTER TABLE ONLY public."PostUploadedFile"
    ADD CONSTRAINT "FK_PostUploadedFile_Post_PostId" FOREIGN KEY ("PostId") REFERENCES public."Post"("Id") ON DELETE CASCADE;


--
-- Name: PostUploadedFile FK_PostUploadedFile_UploadedFiles_ReferencedFilesId; Type: FK CONSTRAINT; Schema: public; Owner: admin
--

ALTER TABLE ONLY public."PostUploadedFile"
    ADD CONSTRAINT "FK_PostUploadedFile_UploadedFiles_ReferencedFilesId" FOREIGN KEY ("ReferencedFilesId") REFERENCES public."UploadedFiles"("Id") ON DELETE CASCADE;


--
-- Name: Post FK_Post_Users_AuthorId; Type: FK CONSTRAINT; Schema: public; Owner: admin
--

ALTER TABLE ONLY public."Post"
    ADD CONSTRAINT "FK_Post_Users_AuthorId" FOREIGN KEY ("AuthorId") REFERENCES public."Users"("Id") ON DELETE CASCADE;


--
-- Name: Post FK_Post_Workspaces_WorkspaceId; Type: FK CONSTRAINT; Schema: public; Owner: admin
--

ALTER TABLE ONLY public."Post"
    ADD CONSTRAINT "FK_Post_Workspaces_WorkspaceId" FOREIGN KEY ("WorkspaceId") REFERENCES public."Workspaces"("Id") ON DELETE CASCADE;


--
-- Name: Sessions FK_Sessions_Workspaces_WorkspaceId; Type: FK CONSTRAINT; Schema: public; Owner: admin
--

ALTER TABLE ONLY public."Sessions"
    ADD CONSTRAINT "FK_Sessions_Workspaces_WorkspaceId" FOREIGN KEY ("WorkspaceId") REFERENCES public."Workspaces"("Id") ON DELETE CASCADE;


--
-- Name: Tracks FK_Tracks_DawProjects_ProjectId; Type: FK CONSTRAINT; Schema: public; Owner: admin
--

ALTER TABLE ONLY public."Tracks"
    ADD CONSTRAINT "FK_Tracks_DawProjects_ProjectId" FOREIGN KEY ("ProjectId") REFERENCES public."DawProjects"("ProjectId") ON DELETE CASCADE;


--
-- Name: Tracks FK_Tracks_Users_SelectedByUserId; Type: FK CONSTRAINT; Schema: public; Owner: admin
--

ALTER TABLE ONLY public."Tracks"
    ADD CONSTRAINT "FK_Tracks_Users_SelectedByUserId" FOREIGN KEY ("SelectedByUserId") REFERENCES public."Users"("Id");


--
-- Name: Translations FK_Translations_Languages_Language; Type: FK CONSTRAINT; Schema: public; Owner: admin
--

ALTER TABLE ONLY public."Translations"
    ADD CONSTRAINT "FK_Translations_Languages_Language" FOREIGN KEY ("Language") REFERENCES public."Languages"("Key") ON DELETE CASCADE;


--
-- Name: Translations FK_Translations_TranslationLocations_View_Key; Type: FK CONSTRAINT; Schema: public; Owner: admin
--

ALTER TABLE ONLY public."Translations"
    ADD CONSTRAINT "FK_Translations_TranslationLocations_View_Key" FOREIGN KEY ("View", "Key") REFERENCES public."TranslationLocations"("View", "Key") ON DELETE CASCADE;


--
-- Name: UploadedFiles FK_UploadedFiles_Folders_FolderId; Type: FK CONSTRAINT; Schema: public; Owner: admin
--

ALTER TABLE ONLY public."UploadedFiles"
    ADD CONSTRAINT "FK_UploadedFiles_Folders_FolderId" FOREIGN KEY ("FolderId") REFERENCES public."Folders"("Id") ON DELETE CASCADE;


--
-- Name: UploadedFiles FK_UploadedFiles_Users_OwnerId; Type: FK CONSTRAINT; Schema: public; Owner: admin
--

ALTER TABLE ONLY public."UploadedFiles"
    ADD CONSTRAINT "FK_UploadedFiles_Users_OwnerId" FOREIGN KEY ("OwnerId") REFERENCES public."Users"("Id");


--
-- Name: UserFolderPermissions FK_UserFolderPermissions_Folders_FolderId; Type: FK CONSTRAINT; Schema: public; Owner: admin
--

ALTER TABLE ONLY public."UserFolderPermissions"
    ADD CONSTRAINT "FK_UserFolderPermissions_Folders_FolderId" FOREIGN KEY ("FolderId") REFERENCES public."Folders"("Id") ON DELETE CASCADE;


--
-- Name: UserFolderPermissions FK_UserFolderPermissions_Users_UserId; Type: FK CONSTRAINT; Schema: public; Owner: admin
--

ALTER TABLE ONLY public."UserFolderPermissions"
    ADD CONSTRAINT "FK_UserFolderPermissions_Users_UserId" FOREIGN KEY ("UserId") REFERENCES public."Users"("Id") ON DELETE CASCADE;


--
-- Name: WorkspaceUsers FK_WorkspaceUsers_Users_UserId; Type: FK CONSTRAINT; Schema: public; Owner: admin
--

ALTER TABLE ONLY public."WorkspaceUsers"
    ADD CONSTRAINT "FK_WorkspaceUsers_Users_UserId" FOREIGN KEY ("UserId") REFERENCES public."Users"("Id") ON DELETE CASCADE;


--
-- Name: WorkspaceUsers FK_WorkspaceUsers_Workspaces_WorkspaceId; Type: FK CONSTRAINT; Schema: public; Owner: admin
--

ALTER TABLE ONLY public."WorkspaceUsers"
    ADD CONSTRAINT "FK_WorkspaceUsers_Workspaces_WorkspaceId" FOREIGN KEY ("WorkspaceId") REFERENCES public."Workspaces"("Id") ON DELETE CASCADE;


--
-- Name: Workspaces FK_Workspaces_Folders_RootFolderId; Type: FK CONSTRAINT; Schema: public; Owner: admin
--

ALTER TABLE ONLY public."Workspaces"
    ADD CONSTRAINT "FK_Workspaces_Folders_RootFolderId" FOREIGN KEY ("RootFolderId") REFERENCES public."Folders"("Id");


--
-- PostgreSQL database dump complete
--

