--
-- PostgreSQL database dump
--

-- Dumped from database version 15.0 (Debian 15.0-1.pgdg110+1)
-- Dumped by pg_dump version 15.0 (Debian 15.0-1.pgdg110+1)

SET statement_timeout = 0;
SET lock_timeout = 0;
SET idle_in_transaction_session_timeout = 0;
SET client_encoding = 'UTF8';
SET standard_conforming_strings = on;
SELECT pg_catalog.set_config('search_path', '', false);
SET check_function_bodies = false;
SET xmloption = content;
SET client_min_messages = warning;
SET row_security = off;

SET default_tablespace = '';

SET default_table_access_method = heap;

--
-- Name: Comments; Type: TABLE; Schema: public; Owner: -
--

CREATE TABLE public."Comments" (
    "Id" bigint NOT NULL,
    "AuthorId" uuid NOT NULL,
    "PostId" bigint NOT NULL,
    "CreatedAt" timestamp with time zone NOT NULL,
    "Edited" boolean NOT NULL,
    "Content" text NOT NULL
);


--
-- Name: Comments_Id_seq; Type: SEQUENCE; Schema: public; Owner: -
--

ALTER TABLE public."Comments" ALTER COLUMN "Id" ADD GENERATED BY DEFAULT AS IDENTITY (
    SEQUENCE NAME public."Comments_Id_seq"
    START WITH 1
    INCREMENT BY 1
    NO MINVALUE
    NO MAXVALUE
    CACHE 1
);


--
-- Name: DawProjects; Type: TABLE; Schema: public; Owner: -
--

CREATE TABLE public."DawProjects" (
    "ProjectId" bigint NOT NULL,
    "AudioSourceHash" text,
    "AudioSourceGuid" uuid
);


--
-- Name: DawProjects_ProjectId_seq; Type: SEQUENCE; Schema: public; Owner: -
--

ALTER TABLE public."DawProjects" ALTER COLUMN "ProjectId" ADD GENERATED BY DEFAULT AS IDENTITY (
    SEQUENCE NAME public."DawProjects_ProjectId_seq"
    START WITH 1
    INCREMENT BY 1
    NO MINVALUE
    NO MAXVALUE
    CACHE 1
);


--
-- Name: Folders; Type: TABLE; Schema: public; Owner: -
--

CREATE TABLE public."Folders" (
    "Id" bigint NOT NULL,
    "Name" text NOT NULL,
    "Type" integer NOT NULL,
    "WorkspaceId" bigint NOT NULL,
    "OwnerId" uuid,
    "ParentId" bigint,
    "WorkspacePermission_Type" integer NOT NULL,
    "WorkspacePermission_Inherited" boolean NOT NULL
);


--
-- Name: Folders_Id_seq; Type: SEQUENCE; Schema: public; Owner: -
--

ALTER TABLE public."Folders" ALTER COLUMN "Id" ADD GENERATED BY DEFAULT AS IDENTITY (
    SEQUENCE NAME public."Folders_Id_seq"
    START WITH 1
    INCREMENT BY 1
    NO MINVALUE
    NO MAXVALUE
    CACHE 1
);


--
-- Name: Languages; Type: TABLE; Schema: public; Owner: -
--

CREATE TABLE public."Languages" (
    "Key" text NOT NULL,
    "Name" text NOT NULL,
    "IsPublic" boolean NOT NULL
);


--
-- Name: Post; Type: TABLE; Schema: public; Owner: -
--

CREATE TABLE public."Post" (
    "Id" bigint NOT NULL,
    "AuthorId" uuid NOT NULL,
    "WorkspaceId" bigint NOT NULL,
    "CreatedAt" timestamp with time zone NOT NULL,
    "Title" text NOT NULL,
    "Content" text NOT NULL,
    "Edited" boolean NOT NULL
);


--
-- Name: PostUploadedFile; Type: TABLE; Schema: public; Owner: -
--

CREATE TABLE public."PostUploadedFile" (
    "PostId" bigint NOT NULL,
    "ReferencedFilesId" bigint NOT NULL
);


--
-- Name: Post_Id_seq; Type: SEQUENCE; Schema: public; Owner: -
--

ALTER TABLE public."Post" ALTER COLUMN "Id" ADD GENERATED BY DEFAULT AS IDENTITY (
    SEQUENCE NAME public."Post_Id_seq"
    START WITH 1
    INCREMENT BY 1
    NO MINVALUE
    NO MAXVALUE
    CACHE 1
);


--
-- Name: Sessions; Type: TABLE; Schema: public; Owner: -
--

CREATE TABLE public."Sessions" (
    "Id" bigint NOT NULL,
    "Name" text NOT NULL,
    "ScheduledDate" timestamp with time zone NOT NULL,
    "WorkspaceId" bigint NOT NULL,
    "FolderId" bigint NOT NULL,
    "MeetingGuid" uuid DEFAULT gen_random_uuid() NOT NULL
);


--
-- Name: Sessions_Id_seq; Type: SEQUENCE; Schema: public; Owner: -
--

ALTER TABLE public."Sessions" ALTER COLUMN "Id" ADD GENERATED BY DEFAULT AS IDENTITY (
    SEQUENCE NAME public."Sessions_Id_seq"
    START WITH 1
    INCREMENT BY 1
    NO MINVALUE
    NO MAXVALUE
    CACHE 1
);


--
-- Name: Tracks; Type: TABLE; Schema: public; Owner: -
--

CREATE TABLE public."Tracks" (
    "Id" bigint NOT NULL,
    "ProjectId" bigint NOT NULL,
    "Order" integer NOT NULL,
    "Name" text NOT NULL,
    "StartTime" real NOT NULL,
    "Volume" real NOT NULL,
    "SelectedByUserId" uuid,
    "AudioSourceGuid" uuid
);


--
-- Name: Tracks_Id_seq; Type: SEQUENCE; Schema: public; Owner: -
--

ALTER TABLE public."Tracks" ALTER COLUMN "Id" ADD GENERATED BY DEFAULT AS IDENTITY (
    SEQUENCE NAME public."Tracks_Id_seq"
    START WITH 1
    INCREMENT BY 1
    NO MINVALUE
    NO MAXVALUE
    CACHE 1
);


--
-- Name: TranslationLocations; Type: TABLE; Schema: public; Owner: -
--

CREATE TABLE public."TranslationLocations" (
    "View" text NOT NULL,
    "Key" text NOT NULL
);


--
-- Name: Translations; Type: TABLE; Schema: public; Owner: -
--

CREATE TABLE public."Translations" (
    "Id" bigint NOT NULL,
    "Language" text NOT NULL,
    "View" text NOT NULL,
    "Key" text NOT NULL,
    "Value" text NOT NULL,
    "LastUpdated" timestamp with time zone DEFAULT CURRENT_TIMESTAMP NOT NULL
);


--
-- Name: Translations_Id_seq; Type: SEQUENCE; Schema: public; Owner: -
--

ALTER TABLE public."Translations" ALTER COLUMN "Id" ADD GENERATED BY DEFAULT AS IDENTITY (
    SEQUENCE NAME public."Translations_Id_seq"
    START WITH 1
    INCREMENT BY 1
    NO MINVALUE
    NO MAXVALUE
    CACHE 1
);


--
-- Name: UploadedFiles; Type: TABLE; Schema: public; Owner: -
--

CREATE TABLE public."UploadedFiles" (
    "Id" bigint NOT NULL,
    "FolderId" bigint NOT NULL,
    "OwnerId" uuid,
    "Size" bigint NOT NULL,
    "DisplayName" text NOT NULL,
    "Extension" text NOT NULL,
    "MimeType" text NOT NULL,
    "StorageName" text NOT NULL
);


--
-- Name: UploadedFiles_Id_seq; Type: SEQUENCE; Schema: public; Owner: -
--

ALTER TABLE public."UploadedFiles" ALTER COLUMN "Id" ADD GENERATED BY DEFAULT AS IDENTITY (
    SEQUENCE NAME public."UploadedFiles_Id_seq"
    START WITH 1
    INCREMENT BY 1
    NO MINVALUE
    NO MAXVALUE
    CACHE 1
);


--
-- Name: UserFolderPermissions; Type: TABLE; Schema: public; Owner: -
--

CREATE TABLE public."UserFolderPermissions" (
    "UserId" uuid NOT NULL,
    "FolderId" bigint NOT NULL,
    "Permission_Type" integer NOT NULL,
    "Permission_Inherited" boolean NOT NULL
);


--
-- Name: Users; Type: TABLE; Schema: public; Owner: -
--

CREATE TABLE public."Users" (
    "Id" uuid NOT NULL,
    "Username" text NOT NULL,
    "FirstName" text NOT NULL,
    "LastName" text NOT NULL
);


--
-- Name: WorkspaceUsers; Type: TABLE; Schema: public; Owner: -
--

CREATE TABLE public."WorkspaceUsers" (
    "WorkspaceId" bigint NOT NULL,
    "UserId" uuid NOT NULL,
    "Role" integer NOT NULL
);


--
-- Name: Workspaces; Type: TABLE; Schema: public; Owner: -
--

CREATE TABLE public."Workspaces" (
    "Id" bigint NOT NULL,
    "Name" text NOT NULL,
    "Description" text NOT NULL,
    "CreatedDate" timestamp with time zone NOT NULL,
    "RootFolderId" bigint,
    "SessionsFolderId" bigint
);


--
-- Name: Workspaces_Id_seq; Type: SEQUENCE; Schema: public; Owner: -
--

ALTER TABLE public."Workspaces" ALTER COLUMN "Id" ADD GENERATED BY DEFAULT AS IDENTITY (
    SEQUENCE NAME public."Workspaces_Id_seq"
    START WITH 1
    INCREMENT BY 1
    NO MINVALUE
    NO MAXVALUE
    CACHE 1
);


--
-- Name: __EFMigrationsHistory; Type: TABLE; Schema: public; Owner: -
--

CREATE TABLE public."__EFMigrationsHistory" (
    "MigrationId" character varying(150) NOT NULL,
    "ProductVersion" character varying(32) NOT NULL
);


--
-- Data for Name: Comments; Type: TABLE DATA; Schema: public; Owner: -
--

COPY public."Comments" ("Id", "AuthorId", "PostId", "CreatedAt", "Edited", "Content") FROM stdin;
1	1b47e0c0-668d-4020-959c-412c241fdd05	1	2025-05-06 20:17:23.684449+00	f	lol
2	1b47e0c0-668d-4020-959c-412c241fdd05	1	2025-05-06 20:17:29.695691+00	f	beka
\.


--
-- Data for Name: DawProjects; Type: TABLE DATA; Schema: public; Owner: -
--

COPY public."DawProjects" ("ProjectId", "AudioSourceHash", "AudioSourceGuid") FROM stdin;
1	\N	\N
\.


--
-- Data for Name: Folders; Type: TABLE DATA; Schema: public; Owner: -
--

COPY public."Folders" ("Id", "Name", "Type", "WorkspaceId", "OwnerId", "ParentId", "WorkspacePermission_Type", "WorkspacePermission_Inherited") FROM stdin;
1	Root	0	3	\N	\N	0	f
2	Sessions	1	3	\N	\N	0	f
3	nowa sesja	1	3	1b47e0c0-668d-4020-959c-412c241fdd05	2	1	f
-1	Root	0	-1	\N	\N	0	f
-2	Sessions	1	-1	\N	\N	0	f
\.


--
-- Data for Name: Languages; Type: TABLE DATA; Schema: public; Owner: -
--

COPY public."Languages" ("Key", "Name", "IsPublic") FROM stdin;
en	English	t
pl	Polski	t
\.


--
-- Data for Name: Post; Type: TABLE DATA; Schema: public; Owner: -
--

COPY public."Post" ("Id", "AuthorId", "WorkspaceId", "CreatedAt", "Title", "Content", "Edited") FROM stdin;
1	1b47e0c0-668d-4020-959c-412c241fdd05	3	2025-05-06 20:17:18.324553+00	jlijloij	greh5re\n	f
\.


--
-- Data for Name: PostUploadedFile; Type: TABLE DATA; Schema: public; Owner: -
--

COPY public."PostUploadedFile" ("PostId", "ReferencedFilesId") FROM stdin;
\.


--
-- Data for Name: Sessions; Type: TABLE DATA; Schema: public; Owner: -
--

COPY public."Sessions" ("Id", "Name", "ScheduledDate", "WorkspaceId", "FolderId", "MeetingGuid") FROM stdin;
1	nowa sesja	2025-05-07 20:15:14.832+00	3	3	438ba6fe-4a8b-417c-90bd-48353321e78c
\.


--
-- Data for Name: Tracks; Type: TABLE DATA; Schema: public; Owner: -
--

COPY public."Tracks" ("Id", "ProjectId", "Order", "Name", "StartTime", "Volume", "SelectedByUserId", "AudioSourceGuid") FROM stdin;
1	1	0		0	1	\N	\N
2	1	0		0	1	\N	\N
\.


--
-- Data for Name: TranslationLocations; Type: TABLE DATA; Schema: public; Owner: -
--

COPY public."TranslationLocations" ("View", "Key") FROM stdin;
admin	allUsers
admin	languages
admin	more
admin	title
admin	translations
admin	unverifiedUsers
app	authorizing
app	notFoundBody
app	notFoundTitle
app	pleaseLogIn
authentication	completingLoggingIn
authentication	loggingIn
authentication	logInFailed
authentication	logOut
authentication	logOutSucceeded
cloneWorkspaceDialog	cancel
cloneWorkspaceDialog	clonedWorkspace
cloneWorkspaceDialog	copyFolders
cloneWorkspaceDialog	copyMembers
cloneWorkspaceDialog	failedToCloneWorkspace
cloneWorkspaceDialog	ok
cloneWorkspaceDialog	withFiles
cloneWorkspaceDialog	withRoles
cloneWorkspaceDialog	withUserSpecificPermissions
cloneWorkspaceDialog	workspaceName
common	actions
common	cancel
common	cancelButton
common	create
common	refresh
common	search
common	settings
common	updateButton
confirmationDialog	imSure
confirmationDialog	no
confirmationDialog	yes
createFolderDialog	cancel
createFolderDialog	create
createFolderDialog	failedToCreateFolder
createFolderDialog	folderCreated
createFolderDialog	folderName
createFolderDialog	folderNameCannotBeEmpty
createSessionDialog	cancel
createSessionDialog	create
createSessionDialog	date
createSessionDialog	dateNotSet
createSessionDialog	failedToCreateSession
createSessionDialog	name
createSessionDialog	sessionCreated
createSessionDialog	sessionNameCannotBeEmpty
createSessionDialog	time
createSessionDialog	timeNotSet
createWorkspaceDialog	cancel
createWorkspaceDialog	create
createWorkspaceDialog	failedToCreateWorkspace
createWorkspaceDialog	workspaceCreated
createWorkspaceDialog	workspaceDescription
createWorkspaceDialog	workspaceName
createWorkspaceDialog	workspaceNameCannotBeEmpty
daw	addTrack
daw	mute
daw	solo
daw	unnamedTrack
fileManager	actions
fileManager	back
fileManager	cancelSelection
fileManager	copyHere
fileManager	copyItemsTo
fileManager	copySelectedTo
fileManager	createFolder
fileManager	delete
fileManager	deleteFile
fileManager	deleteFolder
fileManager	deleteFolderItems
fileManager	deleteSelected
fileManager	download
fileManager	edit
fileManager	editFile
fileManager	editFolder
fileManager	failedToDeleteFile
fileManager	failedToDeleteFolder
fileManager	failedToDeleteItems
fileManager	file
fileManager	fileDeleted
fileManager	folder
fileManager	folderDeleted
fileManager	folderItems
fileManager	format
fileManager	itemsDeleted
fileManager	more
fileManager	moveHere
fileManager	moveItemsTo
fileManager	moveSelectedTo
fileManager	name
fileManager	open
fileManager	owner
fileManager	refresh
fileManager	refreshView
fileManager	search
fileManager	select
fileManager	settings
fileManager	showRelatedPosts
fileManager	size
fileManager	toggleSelectionMode
fileManager	type
fileManager	uploadFiles
fileManager	uploadFilesToFolder
filePreviewDialog	browserDoesntSupportPdf
filePreviewDialog	cannotPreviewFile
filePreviewDialog	close
filePreviewDialog	download
folderPermissionPicker	contributor
folderPermissionPicker	contributorsHeader
folderPermissionPicker	contributorsPoint1
folderPermissionPicker	contributorsPoint2
folderPermissionPicker	contributorsPoint3
folderPermissionPicker	contributorsPoint4
folderPermissionPicker	editor
folderPermissionPicker	editorsHeader
folderPermissionPicker	editorsPoint1
folderPermissionPicker	editorsPoint2
folderPermissionPicker	editorsPoint3
folderPermissionPicker	editorsPoint4
folderPermissionPicker	editorsPoint5
folderPermissionPicker	infoTitle
folderPermissionPicker	inheritedPrefix
folderPermissionPicker	permissionLabel
folderPermissionPicker	reader
folderPermissionPicker	readersHeader
folderPermissionPicker	readersPoint1
folderPermissionPicker	tooltipTitle
folderTypePicker	folderTypeLabel
forum	actions
forum	addComment
forum	addRemoveFiles
forum	cancel
forum	commentDeleted
forum	commentLabel
forum	createPost
forum	delete
forum	deleteCommentConfirmTitle
forum	deletePostConfirmTitle
forum	edit
forum	editedSuffix
forum	editPost
forum	failedAddComment
forum	failedCreatePost
forum	failedDeleteComment
forum	failedDeletePost
forum	failedEditComment
forum	failedEditPost
forum	files
forum	noPostsRelatedToFile
forum	postContentLabel
forum	postDeleted
forum	sendComment
forum	showMoreComments
forum	showMorePosts
forum	titleLabel
home	adminVerificationRequired
home	title
infoDialog	ok
inputStringDialog	cancel
inputStringDialog	ok
languagesManager	addNewLanguage
languagesManager	createDialogTitle
languagesManager	deleteLanguage
languagesManager	deleteLanguageTitle
languagesManager	failedToCreateLanguage
languagesManager	failedToDeleteLanguage
languagesManager	failedToLoadLanguages
languagesManager	failedToUpdateLanguage
languagesManager	keyColumn
languagesManager	keyField
languagesManager	keyHelper
languagesManager	language
languagesManager	languageCreated
languagesManager	languageDeleted
languagesManager	languageKeyRequired
languagesManager	languageNameRequired
languagesManager	languageNowPrivate
languagesManager	languageNowPublic
languagesManager	nameColumn
languagesManager	nameField
languagesManager	publicColumn
languagesManager	title
mainLayout	logOut
mainLayout	manageAccount
mainLayout	signIn
mainLayout	toggleTheme
mainLayout	userManual
manual	breadcrumb
manual	noPdfSupport
manual	openManualCta
manual	title
meeting	downloadJitsiApp
meeting	openInApp
navigation	adminPanel
navigation	home
navigation	menu
navigation	storage
navigation	videoRecorder
navigation	workspaces
postsRelatedToFileDialog	close
postsRelatedToFileDialog	noPostsRelatedTo
postsRelatedToFileDialog	postsRelatedTo
profile	details
profile	firstName
profile	lastName
profile	title
profile	userId
profile	userName
recordingTool	audioOnlyRecording
recordingTool	discardButton
recordingTool	mobileUnavailable
recordingTool	noneAudioOnly
recordingTool	noneOption
recordingTool	pageTitle
recordingTool	recordButton
recordingTool	recordingName
recordingTool	recordingPrefix
recordingTool	saveInWorkspace
recordingTool	saveOnComputer
recordingTool	selectFolderDialogConfirm
recordingTool	selectFolderDialogTitle
recordingTool	stopButton
selectFilesDialog	cancel
selectFilesDialog	ok
selectFilesDialog	selectedFiles
selectFolderDialog	cancel
selectFolderDialog	change
selectFolderDialog	selectWorkspace
selectFolderDialog	workspace
session	errorNoAccess
session	meetingTab
session	recordingsTab
session	sessionSettingsTab
session	workspaceContentTab
session	workspaceForumTab
sessionList	actions
sessionList	createNewSession
sessionList	createSession
sessionList	dataLabelName
sessionList	dataLabelScheduledFor
sessionList	delete
sessionList	deleteSessionTitle
sessionList	failedToDeleteSession
sessionList	headerDate
sessionList	headerName
sessionList	more
sessionList	open
sessionList	refresh
sessionList	refreshView
sessionList	session
sessionList	sessionDeleted
sessionList	toolbarTitle
sessionSettingsManager	dateLabel
sessionSettingsManager	deleteSession
sessionSettingsManager	deleteSessionTitle
sessionSettingsManager	discard
sessionSettingsManager	failedToDeleteSession
sessionSettingsManager	failedToUpdateSession
sessionSettingsManager	nameLabel
sessionSettingsManager	save
sessionSettingsManager	session
sessionSettingsManager	sessionDeleted
sessionSettingsManager	sessionUpdated
sessionSettingsManager	timeLabel
tokenDebug	claimsHeader
tokenDebug	getClaimsButton
tokenDebug	homeHeader
tokenDebug	isAuthenticatedSuffix
tokenDebug	notAuthenticated
tokenDebug	pageTitle
tokenDebug	welcome
translationsManager	failedToLoadTranslations
translationsManager	failedToSaveTranslations
translationsManager	filterKeyLabel
translationsManager	filtersHeader
translationsManager	filterValueLabel
translationsManager	filterValueLanguageLabel
translationsManager	filterViewLabel
translationsManager	noChangesToSave
translationsManager	noMatches
translationsManager	reviewChangesTitle
translationsManager	saveCta
translationsManager	showOnlySelectedLanguagesLabel
translationsManager	successfullySavedMessage
translationsManager	translationsSavedTitle
translationsSavePreviewDialog	actionCreate
translationsSavePreviewDialog	actionDelete
translationsSavePreviewDialog	actionUpdate
translationsSavePreviewDialog	alertRefresh
translationsSavePreviewDialog	cancelButton
translationsSavePreviewDialog	chipDeleted
translationsSavePreviewDialog	chipNew
translationsSavePreviewDialog	chipUpdated
translationsSavePreviewDialog	confirmAndSaveButton
translationsSavePreviewDialog	saveConfirmationMessage
translationsSavePreviewDialog	tableAction
translationsSavePreviewDialog	tableKey
translationsSavePreviewDialog	tableLanguage
translationsSavePreviewDialog	tableNewValue
translationsSavePreviewDialog	tableView
translationsSavePreviewDialog	title
updateFileDialog	cancel
updateFileDialog	failedToUpdateFile
updateFileDialog	file
updateFileDialog	fileNameCannotBeEmpty
updateFileDialog	fileNameLabel
updateFileDialog	title
updateFileDialog	update
updateFileDialog	updated
updateFolderDialog	cancel
updateFolderDialog	failedToUpdateFolder
updateFolderDialog	folderNameCannotBeEmpty
updateFolderDialog	folderNameLabel
updateFolderDialog	folderUpdated
updateFolderDialog	title
updateFolderDialog	update
updateFolderDialog	userPermissionsTooltip
updateFolderDialog	userSpecificPermissions
updateUserDialog	emailLabel
updateUserDialog	nameLabel
updateUserDialog	roleLabel
updateUserDialog	title
updateUserDialog	usernameLabel
uploadFilesDialog	cancel
uploadFilesDialog	clear
uploadFilesDialog	clickHereOrDragFiles
uploadFilesDialog	upload
uploadManager	cancelled
uploadManager	clear
uploadManager	clearHistory
uploadManager	errorCodePrefix
uploadManager	errorPrefix
uploadManager	noUploads
uploadManager	uploads
userFolderPermissionPicker	actionsHeader
userFolderPermissionPicker	addUser
userFolderPermissionPicker	nameHeader
userFolderPermissionPicker	permissionHeader
userFolderPermissionPicker	removeTooltip
userFolderPermissionPicker	removeUserPermissionTitle
userFolderPermissionPicker	restoreDefaultTooltip
userFolderPermissionPicker	restoreInheritedTitle
userManager	confirm
userManager	confirmUser
userManager	deleteUser
userManager	deleteUserTitle
userManager	emailColumn
userManager	nameColumn
userManager	rejectUser
userManager	roleColumn
userManager	surnameColumn
userManager	title
userManager	user
userManager	usernameColumn
userManager	verifyUserTitle
workspace	contentTab
workspace	errorNoAccess
workspace	forumTab
workspace	forumTitle
workspace	sessionsTab
workspace	settingsTab
workspaceList	actions
workspaceList	clone
workspaceList	cloneWorkspaceTitle
workspaceList	createdOnColumn
workspaceList	createWorkspace
workspaceList	creationDateHeader
workspaceList	deleteWorkspaceTitle
workspaceList	failedToDeleteWorkspace
workspaceList	more
workspaceList	nameColumn
workspaceList	refresh
workspaceList	refreshView
workspaceList	search
workspaceList	workspace
workspaceList	workspaceDeleted
workspaceList	workspaceNameHeader
workspaceList	yourWorkspaces
workspaceMemberManager	addMembers
workspaceMemberManager	legend
workspaceMemberManager	legendDeleted
workspaceMemberManager	legendEditing
workspaceMemberManager	legendModified
workspaceMemberManager	legendNew
workspaceMemberManager	memberColumn
workspaceMemberManager	nameColumn
workspaceMemberManager	roleColumn
workspaceMemberManager	selectAll
workspaceMemberManager	surnameColumn
workspaceMemberManager	title
workspaceMemberManager	usernameColumn
workspaceMemberPicker	nameColumn
workspaceMemberPicker	nameHeader
workspaceMemberPicker	search
workspaceMemberPicker	selectAll
workspaceMemberPicker	selectedColumn
workspaceMemberPicker	selectedHeader
workspaceMemberPicker	sortBy
workspaceMemberPicker	surnameColumn
workspaceMemberPicker	surnameHeader
workspaceMemberPicker	usernameColumn
workspaceMemberPicker	usernameHeader
workspaceMemberPicker	workspaceMembers
workspaceSettingsManager	delete
workspaceSettingsManager	deleteWorkspaceTitle
workspaceSettingsManager	discard
workspaceSettingsManager	failedToDeleteWorkspace
workspaceSettingsManager	failedToUpdateWorkspace
workspaceSettingsManager	role
workspaceSettingsManager	save
workspaceSettingsManager	workspace
workspaceSettingsManager	workspaceDeleted
workspaceSettingsManager	workspaceNameLabel
workspaceSettingsManager	workspaceUpdated
workspaceSettingsManager	yourRolePrefix
\.


--
-- Data for Name: Translations; Type: TABLE DATA; Schema: public; Owner: -
--

COPY public."Translations" ("Id", "Language", "View", "Key", "Value", "LastUpdated") FROM stdin;
1	en	navigation	menu	Menu	2025-11-04 18:07:44.583295+00
2	en	navigation	home	Home	2025-11-04 18:07:44.583295+00
3	en	navigation	adminPanel	Admin Panel	2025-11-04 18:07:44.583295+00
4	en	navigation	videoRecorder	Video Recorder	2025-11-04 18:07:44.583295+00
5	en	navigation	storage	Storage	2025-11-04 18:07:44.583295+00
6	en	navigation	workspaces	Workspaces	2025-11-04 18:07:44.583295+00
7	en	home	title	Home	2025-11-04 18:07:44.583295+00
8	en	home	adminVerificationRequired	An administrator must verify your account before accessing Concerto. Please come back later or contact your administrator.	2025-11-04 18:07:44.583295+00
9	en	admin	title	Admin Panel	2025-11-04 18:07:44.583295+00
10	en	admin	unverifiedUsers	Unverified users	2025-11-04 18:07:44.583295+00
11	en	admin	allUsers	All users	2025-11-04 18:07:44.583295+00
12	en	admin	more	More	2025-11-04 18:07:44.583295+00
13	en	admin	languages	Languages	2025-11-04 18:07:44.583295+00
14	en	admin	translations	Translations	2025-11-04 18:07:44.583295+00
15	en	authentication	logInFailed	Your login was not successful.	2025-11-04 18:07:44.583295+00
16	en	authentication	logOut	Logging out...	2025-11-04 18:07:44.583295+00
17	en	authentication	logOutSucceeded	You have been logged out successfully	2025-11-04 18:07:44.583295+00
18	en	authentication	loggingIn	Redirecting you to the login screen...	2025-11-04 18:07:44.583295+00
19	en	authentication	completingLoggingIn	Login successful. One moment...	2025-11-04 18:07:44.583295+00
20	en	app	authorizing	Authorizing...	2025-11-04 18:07:44.583295+00
21	en	app	pleaseLogIn	Please log in to continue.	2025-11-04 18:07:44.583295+00
22	en	app	notFoundTitle	Not found	2025-11-04 18:07:44.583295+00
23	en	app	notFoundBody	Sorry, there's nothing at this address.	2025-11-04 18:07:44.583295+00
24	en	workspace	contentTab	Content	2025-11-04 18:07:44.583295+00
25	en	workspace	sessionsTab	Sessions	2025-11-04 18:07:44.583295+00
26	en	workspace	forumTab	Forum	2025-11-04 18:07:44.583295+00
27	en	workspace	settingsTab	Settings	2025-11-04 18:07:44.583295+00
28	en	workspace	forumTitle	Workspace forum	2025-11-04 18:07:44.583295+00
29	en	workspace	errorNoAccess	Workspace does not exist or you don't have access	2025-11-04 18:07:44.583295+00
30	en	session	meetingTab	Meeting	2025-11-04 18:07:44.583295+00
31	en	session	recordingsTab	Recordings	2025-11-04 18:07:44.583295+00
32	en	session	workspaceContentTab	Workspace content	2025-11-04 18:07:44.583295+00
33	en	session	workspaceForumTab	Workspace forum	2025-11-04 18:07:44.583295+00
34	en	session	sessionSettingsTab	Session settings	2025-11-04 18:07:44.583295+00
35	en	session	errorNoAccess	Session does not exists or you don't have access	2025-11-04 18:07:44.583295+00
36	en	profile	title	Your profile	2025-11-04 18:07:44.583295+00
37	en	profile	details	Details	2025-11-04 18:07:44.583295+00
38	en	profile	userName	User name	2025-11-04 18:07:44.583295+00
39	en	profile	firstName	First name	2025-11-04 18:07:44.583295+00
40	en	profile	lastName	Last name	2025-11-04 18:07:44.583295+00
41	en	profile	userId	User Id	2025-11-04 18:07:44.583295+00
42	en	manual	title	User manual	2025-11-04 18:07:44.583295+00
43	en	manual	noPdfSupport	Your browser doesn't support PDF preview.	2025-11-04 18:07:44.583295+00
44	en	manual	openManualCta	Click here to open manual.	2025-11-04 18:07:44.583295+00
45	en	manual	breadcrumb	Manual	2025-11-04 18:07:44.583295+00
46	en	recordingTool	pageTitle	Video recorder	2025-11-04 18:07:44.583295+00
47	en	recordingTool	mobileUnavailable	Feature unavailable on mobile devices	2025-11-04 18:07:44.583295+00
48	en	recordingTool	recordingName	Recording name	2025-11-04 18:07:44.583295+00
49	en	recordingTool	selectFolderDialogTitle	Select folder for recording	2025-11-04 18:07:44.583295+00
50	en	recordingTool	selectFolderDialogConfirm	Save here	2025-11-04 18:07:44.583295+00
51	en	recordingTool	recordingPrefix	Recording-	2025-11-04 18:07:44.583295+00
52	en	recordingTool	recordButton	Record	2025-11-04 18:07:44.583295+00
53	en	recordingTool	stopButton	Stop	2025-11-04 18:07:44.583295+00
54	en	recordingTool	saveInWorkspace	Save in workspace	2025-11-04 18:07:44.583295+00
55	en	recordingTool	saveOnComputer	Save on computer	2025-11-04 18:07:44.583295+00
56	en	recordingTool	discardButton	Discard	2025-11-04 18:07:44.583295+00
57	en	recordingTool	noneOption	None	2025-11-04 18:07:44.583295+00
58	en	recordingTool	audioOnlyRecording	Audio only recording	2025-11-04 18:07:44.583295+00
59	en	recordingTool	noneAudioOnly	None (Audio only)	2025-11-04 18:07:44.583295+00
60	en	tokenDebug	pageTitle	Index	2025-11-04 18:07:44.583295+00
61	en	tokenDebug	homeHeader	Home	2025-11-04 18:07:44.583295+00
62	en	tokenDebug	welcome	Welcome to Concerto	2025-11-04 18:07:44.583295+00
63	en	tokenDebug	claimsHeader	ClaimsPrincipal Data	2025-11-04 18:07:44.583295+00
64	en	tokenDebug	getClaimsButton	Get ClaimsPrincipal Data	2025-11-04 18:07:44.583295+00
65	en	tokenDebug	isAuthenticatedSuffix	 is authenticated.	2025-11-04 18:07:44.583295+00
66	en	tokenDebug	notAuthenticated	The user is NOT authenticated.	2025-11-04 18:07:44.583295+00
67	en	sessionList	toolbarTitle	Sessions	2025-11-04 18:07:44.583295+00
68	en	sessionList	refresh	Refresh	2025-11-04 18:07:44.583295+00
69	en	sessionList	createSession	Create session	2025-11-04 18:07:44.583295+00
70	en	sessionList	more	More	2025-11-04 18:07:44.583295+00
71	en	sessionList	refreshView	Refresh view	2025-11-04 18:07:44.583295+00
72	en	sessionList	headerName	Name	2025-11-04 18:07:44.583295+00
73	en	sessionList	headerDate	Date	2025-11-04 18:07:44.583295+00
74	en	sessionList	dataLabelName	Name	2025-11-04 18:07:44.583295+00
75	en	sessionList	dataLabelScheduledFor	Scheduled for	2025-11-04 18:07:44.583295+00
76	en	sessionList	actions	Actions	2025-11-04 18:07:44.583295+00
77	en	sessionList	open	Open	2025-11-04 18:07:44.583295+00
78	en	sessionList	delete	Delete	2025-11-04 18:07:44.583295+00
79	en	sessionList	createNewSession	Create new session	2025-11-04 18:07:44.583295+00
80	en	sessionList	deleteSessionTitle	Delete session	2025-11-04 18:07:44.583295+00
81	en	sessionList	session	session	2025-11-04 18:07:44.583295+00
82	en	sessionList	sessionDeleted	Session {0} deleted	2025-11-04 18:07:44.583295+00
83	en	sessionList	failedToDeleteSession	Failed to delete session {0}.	2025-11-04 18:07:44.583295+00
84	en	mainLayout	manageAccount	Manage account	2025-11-04 18:07:44.583295+00
85	en	mainLayout	toggleTheme	Toggle theme	2025-11-04 18:07:44.583295+00
86	en	mainLayout	userManual	User manual	2025-11-04 18:07:44.583295+00
87	en	mainLayout	logOut	Log out	2025-11-04 18:07:44.583295+00
88	en	mainLayout	signIn	Sign in	2025-11-04 18:07:44.583295+00
89	en	forum	createPost	Create post	2025-11-04 18:07:44.583295+00
90	en	forum	editPost	Edit post	2025-11-04 18:07:44.583295+00
91	en	forum	cancel	Cancel	2025-11-04 18:07:44.583295+00
92	en	forum	titleLabel	Title	2025-11-04 18:07:44.583295+00
93	en	forum	files	Files:	2025-11-04 18:07:44.583295+00
94	en	forum	addRemoveFiles	Add/remove files	2025-11-04 18:07:44.583295+00
95	en	forum	postContentLabel	Post content	2025-11-04 18:07:44.583295+00
96	en	forum	noPostsRelatedToFile	No posts related to file	2025-11-04 18:07:44.583295+00
97	en	forum	actions	Actions	2025-11-04 18:07:44.583295+00
98	en	forum	edit	Edit	2025-11-04 18:07:44.583295+00
99	en	forum	delete	Delete	2025-11-04 18:07:44.583295+00
100	en	forum	addComment	Add comment	2025-11-04 18:07:44.583295+00
101	en	forum	sendComment	Send comment	2025-11-04 18:07:44.583295+00
102	en	forum	commentLabel	Comment	2025-11-04 18:07:44.583295+00
103	en	forum	showMoreComments	Show more comments	2025-11-04 18:07:44.583295+00
104	en	forum	showMorePosts	Show more posts	2025-11-04 18:07:44.583295+00
105	en	forum	failedAddComment	Failed to add comment	2025-11-04 18:07:44.583295+00
106	en	forum	failedEditPost	Failed to edit post	2025-11-04 18:07:44.583295+00
107	en	forum	failedEditComment	Failed to edit comment	2025-11-04 18:07:44.583295+00
108	en	forum	postDeleted	Post deleted.	2025-11-04 18:07:44.583295+00
109	en	forum	failedDeletePost	Failed to delete post	2025-11-04 18:07:44.583295+00
110	en	forum	failedCreatePost	Failed to create post	2025-11-04 18:07:44.583295+00
111	en	forum	commentDeleted	Comment deleted.	2025-11-04 18:07:44.583295+00
112	en	forum	failedDeleteComment	Failed to delete comment.	2025-11-04 18:07:44.583295+00
113	en	forum	deletePostConfirmTitle	Delete post	2025-11-04 18:07:44.583295+00
114	en	forum	deleteCommentConfirmTitle	Delete comment	2025-11-04 18:07:44.583295+00
115	en	forum	editedSuffix	(Edited)	2025-11-04 18:07:44.583295+00
116	en	meeting	downloadJitsiApp	Download Jitsi Meet app	2025-11-04 18:07:44.583295+00
117	en	meeting	openInApp	Open meeting in Jitsi Meet app (needs to be installed)	2025-11-04 18:07:44.583295+00
118	en	daw	unnamedTrack	Unnamed track	2025-11-04 18:07:44.583295+00
119	en	daw	mute	Mute	2025-11-04 18:07:44.583295+00
120	en	daw	solo	Solo	2025-11-04 18:07:44.583295+00
121	en	daw	addTrack	Add Track	2025-11-04 18:07:44.583295+00
122	en	common	refresh	Refresh	2025-11-04 18:07:44.583295+00
123	en	common	actions	Actions	2025-11-04 18:07:44.583295+00
124	en	common	cancel	Cancel	2025-11-04 18:07:44.583295+00
125	en	common	create	Create	2025-11-04 18:07:44.583295+00
126	en	common	cancelButton	Cancel	2025-11-04 18:07:44.583295+00
127	en	common	updateButton	Update	2025-11-04 18:07:44.583295+00
128	en	common	settings	Settings	2025-11-04 18:07:44.583295+00
129	en	common	search	Search	2025-11-04 18:07:44.583295+00
130	en	translationsManager	filtersHeader	Filters	2025-11-04 18:07:44.583295+00
131	en	translationsManager	filterViewLabel	Filter by View	2025-11-04 18:07:44.583295+00
132	en	translationsManager	filterKeyLabel	Filter by Key	2025-11-04 18:07:44.583295+00
133	en	translationsManager	filterValueLanguageLabel	Language for Value Filter	2025-11-04 18:07:44.583295+00
134	en	translationsManager	filterValueLabel	Filter by Value	2025-11-04 18:07:44.583295+00
135	en	translationsManager	showOnlySelectedLanguagesLabel	Show Only Selected Languages	2025-11-04 18:07:44.583295+00
136	en	translationsManager	noMatches	No translations match the current filters.	2025-11-04 18:07:44.583295+00
137	en	translationsManager	saveCta	Save	2025-11-04 18:07:44.583295+00
138	en	translationsManager	failedToLoadTranslations	Failed to load translations	2025-11-04 18:07:44.583295+00
139	en	translationsManager	noChangesToSave	No changes to save	2025-11-04 18:07:44.583295+00
140	en	translationsManager	reviewChangesTitle	Review Changes	2025-11-04 18:07:44.583295+00
141	en	translationsManager	translationsSavedTitle	Translations Saved	2025-11-04 18:07:44.583295+00
142	en	translationsManager	failedToSaveTranslations	Failed to save translations	2025-11-04 18:07:44.583295+00
143	en	translationsManager	successfullySavedMessage	Successfully saved {0} translation(s).\n\nPlease refresh the page to see the changes reflected in the application.	2025-11-04 18:07:44.583295+00
144	en	languagesManager	title	Languages	2025-11-04 18:07:44.583295+00
145	en	languagesManager	addNewLanguage	Add new language	2025-11-04 18:07:44.583295+00
146	en	languagesManager	nameColumn	Name	2025-11-04 18:07:44.583295+00
147	en	languagesManager	keyColumn	Key	2025-11-04 18:07:44.583295+00
148	en	languagesManager	publicColumn	Public	2025-11-04 18:07:44.583295+00
149	en	languagesManager	deleteLanguage	Delete language	2025-11-04 18:07:44.583295+00
150	en	languagesManager	createDialogTitle	Create New Language	2025-11-04 18:07:44.583295+00
151	en	languagesManager	nameField	Name	2025-11-04 18:07:44.583295+00
152	en	languagesManager	keyField	Key	2025-11-04 18:07:44.583295+00
153	en	languagesManager	keyHelper	Language identifier (e.g., 'en', 'pl', 'es')	2025-11-04 18:07:44.583295+00
154	en	languagesManager	failedToLoadLanguages	Failed to load languages	2025-11-04 18:07:44.583295+00
155	en	languagesManager	languageNameRequired	Language name is required	2025-11-04 18:07:44.583295+00
156	en	languagesManager	languageKeyRequired	Language key is required	2025-11-04 18:07:44.583295+00
157	en	languagesManager	languageCreated	Language '{0}' created successfully	2025-11-04 18:07:44.583295+00
158	en	languagesManager	failedToCreateLanguage	Failed to create language: {0}	2025-11-04 18:07:44.583295+00
159	en	languagesManager	languageNowPrivate	Language '{0}' is now private	2025-11-04 18:07:44.583295+00
160	en	languagesManager	languageNowPublic	Language '{0}' is now public	2025-11-04 18:07:44.583295+00
161	en	languagesManager	failedToUpdateLanguage	Failed to update language: {0}	2025-11-04 18:07:44.583295+00
162	en	languagesManager	deleteLanguageTitle	Delete language	2025-11-04 18:07:44.583295+00
163	en	languagesManager	language	language	2025-11-04 18:07:44.583295+00
164	en	languagesManager	languageDeleted	Language '{0}' deleted successfully	2025-11-04 18:07:44.583295+00
165	en	languagesManager	failedToDeleteLanguage	Failed to delete language: {0}	2025-11-04 18:07:44.583295+00
166	en	userManager	title	Users	2025-11-04 18:07:44.583295+00
167	en	userManager	nameColumn	Name	2025-11-04 18:07:44.583295+00
168	en	userManager	surnameColumn	Surname	2025-11-04 18:07:44.583295+00
169	en	userManager	usernameColumn	Username	2025-11-04 18:07:44.583295+00
170	en	userManager	emailColumn	Email	2025-11-04 18:07:44.583295+00
171	en	userManager	roleColumn	Role	2025-11-04 18:07:44.583295+00
172	en	userManager	confirmUser	Confirm user	2025-11-04 18:07:44.583295+00
173	en	userManager	rejectUser	Reject user	2025-11-04 18:07:44.583295+00
174	en	userManager	deleteUser	Delete user	2025-11-04 18:07:44.583295+00
175	en	userManager	verifyUserTitle	Verify user	2025-11-04 18:07:44.583295+00
176	en	userManager	confirm	confirm	2025-11-04 18:07:44.583295+00
177	en	userManager	user	user	2025-11-04 18:07:44.583295+00
596	pl	daw	mute	Wycisz	2025-11-04 18:07:45.282789+00
178	en	userManager	deleteUserTitle	Delete user	2025-11-04 18:07:44.583295+00
179	en	workspaceSettingsManager	discard	Discard	2025-11-04 18:07:44.583295+00
180	en	workspaceSettingsManager	save	Save	2025-11-04 18:07:44.583295+00
181	en	workspaceSettingsManager	delete	Delete	2025-11-04 18:07:44.583295+00
182	en	workspaceSettingsManager	role	Role	2025-11-04 18:07:44.583295+00
183	en	workspaceSettingsManager	yourRolePrefix	Your role	2025-11-04 18:07:44.583295+00
184	en	workspaceSettingsManager	workspaceNameLabel	Workspace name	2025-11-04 18:07:44.583295+00
185	en	workspaceSettingsManager	workspaceUpdated	Workspace updated	2025-11-04 18:07:44.583295+00
186	en	workspaceSettingsManager	failedToUpdateWorkspace	Failed to update workspace	2025-11-04 18:07:44.583295+00
187	en	workspaceSettingsManager	deleteWorkspaceTitle	Delete workspace	2025-11-04 18:07:44.583295+00
188	en	workspaceSettingsManager	workspace	workspace	2025-11-04 18:07:44.583295+00
189	en	workspaceSettingsManager	workspaceDeleted	{0} deleted	2025-11-04 18:07:44.583295+00
190	en	workspaceSettingsManager	failedToDeleteWorkspace	Failed to delete workspace {0}.	2025-11-04 18:07:44.583295+00
191	en	sessionSettingsManager	discard	Discard	2025-11-04 18:07:44.583295+00
192	en	sessionSettingsManager	save	Save	2025-11-04 18:07:44.583295+00
193	en	sessionSettingsManager	deleteSession	Delete session	2025-11-04 18:07:44.583295+00
194	en	sessionSettingsManager	nameLabel	Name	2025-11-04 18:07:44.583295+00
195	en	sessionSettingsManager	dateLabel	Date	2025-11-04 18:07:44.583295+00
196	en	sessionSettingsManager	timeLabel	Time	2025-11-04 18:07:44.583295+00
197	en	sessionSettingsManager	sessionUpdated	Session updated	2025-11-04 18:07:44.583295+00
198	en	sessionSettingsManager	failedToUpdateSession	Failed to update session	2025-11-04 18:07:44.583295+00
199	en	sessionSettingsManager	deleteSessionTitle	Delete session	2025-11-04 18:07:44.583295+00
200	en	sessionSettingsManager	session	session	2025-11-04 18:07:44.583295+00
201	en	sessionSettingsManager	sessionDeleted	Session {0} deleted	2025-11-04 18:07:44.583295+00
202	en	sessionSettingsManager	failedToDeleteSession	Failed to delete session {0}.	2025-11-04 18:07:44.583295+00
203	en	workspaceMemberManager	title	Users	2025-11-04 18:07:44.583295+00
204	en	workspaceMemberManager	addMembers	Add members	2025-11-04 18:07:44.583295+00
205	en	workspaceMemberManager	memberColumn	Member	2025-11-04 18:07:44.583295+00
206	en	workspaceMemberManager	nameColumn	Name	2025-11-04 18:07:44.583295+00
207	en	workspaceMemberManager	surnameColumn	Surname	2025-11-04 18:07:44.583295+00
208	en	workspaceMemberManager	usernameColumn	Username	2025-11-04 18:07:44.583295+00
209	en	workspaceMemberManager	roleColumn	Role	2025-11-04 18:07:44.583295+00
210	en	workspaceMemberManager	selectAll	Select All	2025-11-04 18:07:44.583295+00
211	en	workspaceMemberManager	legend	Legend	2025-11-04 18:07:44.583295+00
212	en	workspaceMemberManager	legendNew	New	2025-11-04 18:07:44.583295+00
213	en	workspaceMemberManager	legendModified	Modified	2025-11-04 18:07:44.583295+00
214	en	workspaceMemberManager	legendDeleted	Deleted	2025-11-04 18:07:44.583295+00
215	en	workspaceMemberManager	legendEditing	Editing	2025-11-04 18:07:44.583295+00
216	en	uploadManager	uploads	Uploads	2025-11-04 18:07:44.583295+00
217	en	uploadManager	noUploads	No uploads	2025-11-04 18:07:44.583295+00
218	en	uploadManager	clearHistory	Clear history	2025-11-04 18:07:44.583295+00
219	en	uploadManager	cancelled	Cancelled	2025-11-04 18:07:44.583295+00
220	en	uploadManager	errorCodePrefix	Error code:	2025-11-04 18:07:44.583295+00
221	en	uploadManager	errorPrefix	Error:	2025-11-04 18:07:44.583295+00
222	en	uploadManager	clear	Clear	2025-11-04 18:07:44.583295+00
223	en	translationsSavePreviewDialog	title	Review Changes	2025-11-04 18:07:44.583295+00
224	en	translationsSavePreviewDialog	tableView	View	2025-11-04 18:07:44.583295+00
225	en	translationsSavePreviewDialog	tableKey	Key	2025-11-04 18:07:44.583295+00
226	en	translationsSavePreviewDialog	tableLanguage	Language	2025-11-04 18:07:44.583295+00
227	en	translationsSavePreviewDialog	tableNewValue	New Value	2025-11-04 18:07:44.583295+00
228	en	translationsSavePreviewDialog	tableAction	Action	2025-11-04 18:07:44.583295+00
229	en	translationsSavePreviewDialog	chipDeleted	Will be deleted	2025-11-04 18:07:44.583295+00
230	en	translationsSavePreviewDialog	chipNew	New	2025-11-04 18:07:44.583295+00
231	en	translationsSavePreviewDialog	chipUpdated	Updated	2025-11-04 18:07:44.583295+00
232	en	translationsSavePreviewDialog	actionDelete	Delete	2025-11-04 18:07:44.583295+00
233	en	translationsSavePreviewDialog	actionCreate	Create	2025-11-04 18:07:44.583295+00
234	en	translationsSavePreviewDialog	actionUpdate	Update	2025-11-04 18:07:44.583295+00
235	en	translationsSavePreviewDialog	alertRefresh	After saving, you will need to refresh the page to see the changes reflected in the application.	2025-11-04 18:07:44.583295+00
236	en	translationsSavePreviewDialog	cancelButton	Cancel	2025-11-04 18:07:44.583295+00
237	en	translationsSavePreviewDialog	confirmAndSaveButton	Confirm and Save	2025-11-04 18:07:44.583295+00
238	en	translationsSavePreviewDialog	saveConfirmationMessage	You are about to save {0} translation(s). Please review the changes below:	2025-11-04 18:07:44.583295+00
239	en	workspaceList	yourWorkspaces	Your workspaces	2025-11-04 18:07:44.583295+00
240	en	workspaceList	search	Search	2025-11-04 18:07:44.583295+00
241	en	workspaceList	refresh	Refresh	2025-11-04 18:07:44.583295+00
242	en	workspaceList	createWorkspace	Create workspace	2025-11-04 18:07:44.583295+00
243	en	workspaceList	more	More	2025-11-04 18:07:44.583295+00
244	en	workspaceList	refreshView	Refresh view	2025-11-04 18:07:44.583295+00
245	en	workspaceList	workspaceNameHeader	Workspace name	2025-11-04 18:07:44.583295+00
246	en	workspaceList	creationDateHeader	Creation date	2025-11-04 18:07:44.583295+00
247	en	workspaceList	nameColumn	Name	2025-11-04 18:07:44.583295+00
248	en	workspaceList	createdOnColumn	Created on	2025-11-04 18:07:44.583295+00
249	en	workspaceList	actions	Actions	2025-11-04 18:07:44.583295+00
250	en	workspaceList	clone	Clone	2025-11-04 18:07:44.583295+00
251	en	workspaceList	deleteWorkspaceTitle	Delete workspace	2025-11-04 18:07:44.583295+00
252	en	workspaceList	workspace	workspace	2025-11-04 18:07:44.583295+00
253	en	workspaceList	workspaceDeleted	Workspace {0} deleted	2025-11-04 18:07:44.583295+00
254	en	workspaceList	failedToDeleteWorkspace	Failed to delete workspace {0}.	2025-11-04 18:07:44.583295+00
255	en	workspaceList	cloneWorkspaceTitle	Clone workspace {0}	2025-11-04 18:07:44.583295+00
256	en	workspaceMemberPicker	sortBy	Sort By	2025-11-04 18:07:44.583295+00
257	en	workspaceMemberPicker	workspaceMembers	Workspace members	2025-11-04 18:07:44.583295+00
258	en	workspaceMemberPicker	search	Search	2025-11-04 18:07:44.583295+00
259	en	workspaceMemberPicker	selectedHeader	Selected	2025-11-04 18:07:44.583295+00
260	en	workspaceMemberPicker	nameHeader	Name	2025-11-04 18:07:44.583295+00
261	en	workspaceMemberPicker	surnameHeader	Surname	2025-11-04 18:07:44.583295+00
262	en	workspaceMemberPicker	usernameHeader	Username	2025-11-04 18:07:44.583295+00
263	en	workspaceMemberPicker	selectedColumn	Selected	2025-11-04 18:07:44.583295+00
264	en	workspaceMemberPicker	nameColumn	Name	2025-11-04 18:07:44.583295+00
265	en	workspaceMemberPicker	surnameColumn	Surname	2025-11-04 18:07:44.583295+00
266	en	workspaceMemberPicker	usernameColumn	Username	2025-11-04 18:07:44.583295+00
267	en	workspaceMemberPicker	selectAll	Select All	2025-11-04 18:07:44.583295+00
268	en	userFolderPermissionPicker	addUser	Add user	2025-11-04 18:07:44.583295+00
269	en	userFolderPermissionPicker	nameHeader	Name	2025-11-04 18:07:44.583295+00
270	en	userFolderPermissionPicker	permissionHeader	Permission	2025-11-04 18:07:44.583295+00
271	en	userFolderPermissionPicker	actionsHeader	Actions	2025-11-04 18:07:44.583295+00
272	en	userFolderPermissionPicker	restoreDefaultTooltip	Restore to default - permission will be the same as parent folder	2025-11-04 18:07:44.583295+00
273	en	userFolderPermissionPicker	restoreInheritedTitle	Restore inherited	2025-11-04 18:07:44.583295+00
274	en	userFolderPermissionPicker	removeTooltip	Remove - folder's default permission will apply for removed user	2025-11-04 18:07:44.583295+00
275	en	userFolderPermissionPicker	removeUserPermissionTitle	Remove user permission	2025-11-04 18:07:44.583295+00
276	en	folderTypePicker	folderTypeLabel	Folder type	2025-11-04 18:07:44.583295+00
277	en	folderPermissionPicker	permissionLabel	Permission	2025-11-04 18:07:44.583295+00
278	en	folderPermissionPicker	inheritedPrefix	Inherited -	2025-11-04 18:07:44.583295+00
279	en	folderPermissionPicker	infoTitle	Info	2025-11-04 18:07:44.583295+00
280	en	folderPermissionPicker	tooltipTitle	Folder permissions	2025-11-04 18:07:44.583295+00
281	en	folderPermissionPicker	readersHeader	Readers	2025-11-04 18:07:44.583295+00
282	en	folderPermissionPicker	readersPoint1	View folder content and download files	2025-11-04 18:07:44.583295+00
283	en	folderPermissionPicker	contributorsHeader	Contributors	2025-11-04 18:07:44.583295+00
284	en	folderPermissionPicker	contributorsPoint1	View folder content and download files	2025-11-04 18:07:44.583295+00
285	en	folderPermissionPicker	contributorsPoint2	Add files and folders	2025-11-04 18:07:44.583295+00
286	en	folderPermissionPicker	contributorsPoint3	Remove files and folders owned by them	2025-11-04 18:07:44.583295+00
287	en	folderPermissionPicker	contributorsPoint4	Edit files and folders owned by them	2025-11-04 18:07:44.583295+00
288	en	folderPermissionPicker	editorsHeader	Editors	2025-11-04 18:07:44.583295+00
289	en	folderPermissionPicker	editorsPoint1	View folder content and download files	2025-11-04 18:07:44.583295+00
290	en	folderPermissionPicker	editorsPoint2	Add, edit and remove any files	2025-11-04 18:07:44.583295+00
291	en	folderPermissionPicker	editorsPoint3	Add folders	2025-11-04 18:07:44.583295+00
292	en	folderPermissionPicker	editorsPoint4	Remove and edit folders owned by them	2025-11-04 18:07:44.583295+00
293	en	folderPermissionPicker	editorsPoint5	Remove and edit folders in which they have Editor permission	2025-11-04 18:07:44.583295+00
294	en	folderPermissionPicker	reader	Reader	2025-11-04 18:07:44.583295+00
295	en	folderPermissionPicker	contributor	Contributor	2025-11-04 18:07:44.583295+00
296	en	folderPermissionPicker	editor	Editor	2025-11-04 18:07:44.583295+00
297	en	updateUserDialog	title	User settings	2025-11-04 18:07:44.583295+00
298	en	updateUserDialog	nameLabel	Name	2025-11-04 18:07:44.583295+00
299	en	updateUserDialog	usernameLabel	Username	2025-11-04 18:07:44.583295+00
300	en	updateUserDialog	emailLabel	Email	2025-11-04 18:07:44.583295+00
301	en	updateUserDialog	roleLabel	Role	2025-11-04 18:07:44.583295+00
302	en	fileManager	back	Back	2025-11-04 18:07:44.583295+00
303	en	fileManager	search	Search	2025-11-04 18:07:44.583295+00
304	en	fileManager	refresh	Refresh	2025-11-04 18:07:44.583295+00
305	en	fileManager	uploadFiles	Upload files	2025-11-04 18:07:44.583295+00
306	en	fileManager	createFolder	Create folder	2025-11-04 18:07:44.583295+00
307	en	fileManager	toggleSelectionMode	Toggle selection mode	2025-11-04 18:07:44.583295+00
308	en	fileManager	more	More	2025-11-04 18:07:44.583295+00
309	en	fileManager	refreshView	Refresh view	2025-11-04 18:07:44.583295+00
310	en	fileManager	settings	Settings	2025-11-04 18:07:44.583295+00
311	en	fileManager	select	Select	2025-11-04 18:07:44.583295+00
312	en	fileManager	cancelSelection	Cancel selection	2025-11-04 18:07:44.583295+00
313	en	fileManager	moveSelectedTo	Move selected to	2025-11-04 18:07:44.583295+00
314	en	fileManager	copySelectedTo	Copy selected to	2025-11-04 18:07:44.583295+00
315	en	fileManager	deleteSelected	Delete selected	2025-11-04 18:07:44.583295+00
316	en	fileManager	name	Name	2025-11-04 18:07:44.583295+00
317	en	fileManager	format	Format	2025-11-04 18:07:44.583295+00
318	en	fileManager	type	Type	2025-11-04 18:07:44.583295+00
319	en	fileManager	size	Size	2025-11-04 18:07:44.583295+00
320	en	fileManager	owner	Owner	2025-11-04 18:07:44.583295+00
321	en	fileManager	actions	Actions	2025-11-04 18:07:44.583295+00
322	en	fileManager	open	Open	2025-11-04 18:07:44.583295+00
323	en	fileManager	delete	Delete	2025-11-04 18:07:44.583295+00
324	en	fileManager	download	Download	2025-11-04 18:07:44.583295+00
325	en	fileManager	showRelatedPosts	Show related posts	2025-11-04 18:07:44.583295+00
326	en	fileManager	edit	Edit	2025-11-04 18:07:44.583295+00
327	en	fileManager	uploadFilesToFolder	Upload files to folder	2025-11-04 18:07:44.583295+00
328	en	fileManager	deleteFolderItems	Delete folder items	2025-11-04 18:07:44.583295+00
329	en	fileManager	folderItems	folder items	2025-11-04 18:07:44.583295+00
330	en	fileManager	itemsDeleted	Items deleted	2025-11-04 18:07:44.583295+00
331	en	fileManager	failedToDeleteItems	Failed to delete items	2025-11-04 18:07:44.583295+00
332	en	fileManager	moveItemsTo	Move items to	2025-11-04 18:07:44.583295+00
333	en	fileManager	moveHere	Move here	2025-11-04 18:07:44.583295+00
334	en	fileManager	copyItemsTo	Copy items to	2025-11-04 18:07:44.583295+00
335	en	fileManager	copyHere	Copy here	2025-11-04 18:07:44.583295+00
336	en	fileManager	deleteFolder	Delete folder	2025-11-04 18:07:44.583295+00
337	en	fileManager	folder	Folder	2025-11-04 18:07:44.583295+00
338	en	fileManager	folderDeleted	Folder deleted	2025-11-04 18:07:44.583295+00
339	en	fileManager	failedToDeleteFolder	Failed to delete folder	2025-11-04 18:07:44.583295+00
340	en	fileManager	deleteFile	Delete file	2025-11-04 18:07:44.583295+00
341	en	fileManager	file	file	2025-11-04 18:07:44.583295+00
342	en	fileManager	fileDeleted	File deleted	2025-11-04 18:07:44.583295+00
343	en	fileManager	failedToDeleteFile	Failed to delete file	2025-11-04 18:07:44.583295+00
344	en	fileManager	editFolder	Edit folder	2025-11-04 18:07:44.583295+00
345	en	fileManager	editFile	Edit file	2025-11-04 18:07:44.583295+00
346	en	uploadFilesDialog	clickHereOrDragFiles	Click here or drag files	2025-11-04 18:07:44.583295+00
347	en	uploadFilesDialog	cancel	Cancel	2025-11-04 18:07:44.583295+00
348	en	uploadFilesDialog	clear	Clear	2025-11-04 18:07:44.583295+00
349	en	uploadFilesDialog	upload	Upload	2025-11-04 18:07:44.583295+00
350	en	updateFolderDialog	title	Folder settings	2025-11-04 18:07:44.583295+00
351	en	updateFolderDialog	folderNameLabel	Folder name	2025-11-04 18:07:44.583295+00
352	en	updateFolderDialog	userSpecificPermissions	User specific permissions	2025-11-04 18:07:44.583295+00
353	en	updateFolderDialog	userPermissionsTooltip	Those settings will override folder permissions for specified users	2025-11-04 18:07:44.583295+00
354	en	updateFolderDialog	cancel	Cancel	2025-11-04 18:07:44.583295+00
355	en	updateFolderDialog	update	Update	2025-11-04 18:07:44.583295+00
356	en	updateFolderDialog	folderNameCannotBeEmpty	Folder name cannot be empty	2025-11-04 18:07:44.583295+00
357	en	updateFolderDialog	folderUpdated	Folder updated	2025-11-04 18:07:44.583295+00
358	en	updateFolderDialog	failedToUpdateFolder	Failed to update folder	2025-11-04 18:07:44.583295+00
359	en	updateFileDialog	title	File settings	2025-11-04 18:07:44.583295+00
360	en	updateFileDialog	fileNameLabel	File name	2025-11-04 18:07:44.583295+00
361	en	updateFileDialog	cancel	Cancel	2025-11-04 18:07:44.583295+00
362	en	updateFileDialog	update	Update	2025-11-04 18:07:44.583295+00
363	en	updateFileDialog	fileNameCannotBeEmpty	File name cannot be empty	2025-11-04 18:07:44.583295+00
364	en	updateFileDialog	file	File	2025-11-04 18:07:44.583295+00
365	en	updateFileDialog	updated	updated	2025-11-04 18:07:44.583295+00
366	en	updateFileDialog	failedToUpdateFile	Failed to update file	2025-11-04 18:07:44.583295+00
367	en	selectFolderDialog	workspace	Workspace	2025-11-04 18:07:44.583295+00
368	en	selectFolderDialog	change	Change	2025-11-04 18:07:44.583295+00
369	en	selectFolderDialog	cancel	Cancel	2025-11-04 18:07:44.583295+00
370	en	selectFolderDialog	selectWorkspace	Select workspace	2025-11-04 18:07:44.583295+00
371	en	selectFilesDialog	selectedFiles	Selected Files	2025-11-04 18:07:44.583295+00
372	en	selectFilesDialog	cancel	Cancel	2025-11-04 18:07:44.583295+00
373	en	selectFilesDialog	ok	OK	2025-11-04 18:07:44.583295+00
374	en	postsRelatedToFileDialog	postsRelatedTo	Posts related to	2025-11-04 18:07:44.583295+00
375	en	postsRelatedToFileDialog	close	Close	2025-11-04 18:07:44.583295+00
376	en	postsRelatedToFileDialog	noPostsRelatedTo	No posts related to	2025-11-04 18:07:44.583295+00
377	en	cloneWorkspaceDialog	workspaceName	Workspace name	2025-11-04 18:07:44.583295+00
378	en	cloneWorkspaceDialog	copyMembers	Copy members	2025-11-04 18:07:44.583295+00
379	en	cloneWorkspaceDialog	withRoles	With roles	2025-11-04 18:07:44.583295+00
380	en	cloneWorkspaceDialog	copyFolders	Copy folders	2025-11-04 18:07:44.583295+00
381	en	cloneWorkspaceDialog	withFiles	With files	2025-11-04 18:07:44.583295+00
382	en	cloneWorkspaceDialog	withUserSpecificPermissions	With user specific permissions	2025-11-04 18:07:44.583295+00
383	en	cloneWorkspaceDialog	cancel	Cancel	2025-11-04 18:07:44.583295+00
384	en	cloneWorkspaceDialog	ok	OK	2025-11-04 18:07:44.583295+00
385	en	cloneWorkspaceDialog	clonedWorkspace	Cloned workspace	2025-11-04 18:07:44.583295+00
386	en	cloneWorkspaceDialog	failedToCloneWorkspace	Failed to clone workspace	2025-11-04 18:07:44.583295+00
387	en	confirmationDialog	imSure	I'm sure.	2025-11-04 18:07:44.583295+00
388	en	confirmationDialog	no	No	2025-11-04 18:07:44.583295+00
389	en	confirmationDialog	yes	Yes	2025-11-04 18:07:44.583295+00
390	en	createFolderDialog	folderName	Folder name	2025-11-04 18:07:44.583295+00
391	en	createFolderDialog	cancel	Cancel	2025-11-04 18:07:44.583295+00
392	en	createFolderDialog	create	Create	2025-11-04 18:07:44.583295+00
393	en	createFolderDialog	folderNameCannotBeEmpty	Folder name cannot be empty	2025-11-04 18:07:44.583295+00
394	en	createFolderDialog	folderCreated	Folder created	2025-11-04 18:07:44.583295+00
395	en	createFolderDialog	failedToCreateFolder	Failed to create folder	2025-11-04 18:07:44.583295+00
396	en	createSessionDialog	name	Name	2025-11-04 18:07:44.583295+00
397	en	createSessionDialog	date	Date	2025-11-04 18:07:44.583295+00
398	en	createSessionDialog	time	Time	2025-11-04 18:07:44.583295+00
399	en	createSessionDialog	cancel	Cancel	2025-11-04 18:07:44.583295+00
400	en	createSessionDialog	create	Create	2025-11-04 18:07:44.583295+00
401	en	createSessionDialog	sessionNameCannotBeEmpty	Session name cannot be empty	2025-11-04 18:07:44.583295+00
402	en	createSessionDialog	timeNotSet	Time not set	2025-11-04 18:07:44.583295+00
403	en	createSessionDialog	dateNotSet	Date not set	2025-11-04 18:07:44.583295+00
404	en	createSessionDialog	sessionCreated	Session created	2025-11-04 18:07:44.583295+00
405	en	createSessionDialog	failedToCreateSession	Failed to create session	2025-11-04 18:07:44.583295+00
406	en	createWorkspaceDialog	workspaceName	Workspace name	2025-11-04 18:07:44.583295+00
407	en	createWorkspaceDialog	workspaceDescription	Workspace description	2025-11-04 18:07:44.583295+00
408	en	createWorkspaceDialog	cancel	Cancel	2025-11-04 18:07:44.583295+00
409	en	createWorkspaceDialog	create	Create	2025-11-04 18:07:44.583295+00
410	en	createWorkspaceDialog	workspaceNameCannotBeEmpty	Workspace name cannot be empty	2025-11-04 18:07:44.583295+00
411	en	createWorkspaceDialog	workspaceCreated	Workspace created	2025-11-04 18:07:44.583295+00
412	en	createWorkspaceDialog	failedToCreateWorkspace	Failed to create workspace	2025-11-04 18:07:44.583295+00
413	en	inputStringDialog	cancel	Cancel	2025-11-04 18:07:44.583295+00
414	en	inputStringDialog	ok	OK	2025-11-04 18:07:44.583295+00
415	en	filePreviewDialog	browserDoesntSupportPdf	Your browser doesn't support PDF preview	2025-11-04 18:07:44.583295+00
416	en	filePreviewDialog	cannotPreviewFile	Cannot preview this file	2025-11-04 18:07:44.583295+00
417	en	filePreviewDialog	close	Close	2025-11-04 18:07:44.583295+00
418	en	filePreviewDialog	download	Download	2025-11-04 18:07:44.583295+00
419	en	infoDialog	ok	OK	2025-11-04 18:07:44.583295+00
420	pl	navigation	menu	Menu	2025-11-04 18:07:45.282789+00
421	pl	navigation	home	Strona gwna	2025-11-04 18:07:45.282789+00
422	pl	navigation	adminPanel	Panel administracyjny	2025-11-04 18:07:45.282789+00
423	pl	navigation	videoRecorder	Rejestrator wideo	2025-11-04 18:07:45.282789+00
424	pl	navigation	storage	Zasoby	2025-11-04 18:07:45.282789+00
425	pl	navigation	workspaces	Przestrzenie robocze	2025-11-04 18:07:45.282789+00
426	pl	home	title	Strona gwna	2025-11-04 18:07:45.282789+00
427	pl	home	adminVerificationRequired	Administrator musi zweryfikowa twoje konto zanim skorzystasz z Concerto. Prosimy wrci pniej lub skontaktowa si z administratorem	2025-11-04 18:07:45.282789+00
428	pl	admin	title	Panel administratora	2025-11-04 18:07:45.282789+00
429	pl	admin	unverifiedUsers	Niezweryfikowani uytkownicy	2025-11-04 18:07:45.282789+00
430	pl	admin	allUsers	Wszyscy uytkownicy	2025-11-04 18:07:45.282789+00
431	pl	admin	more	Wicej	2025-11-04 18:07:45.282789+00
432	pl	admin	languages	Jzyki	2025-11-04 18:07:45.282789+00
433	pl	admin	translations	Tumaczenia	2025-11-04 18:07:45.282789+00
434	pl	authentication	logInFailed	Logowanie si nie powiodo.	2025-11-04 18:07:45.282789+00
435	pl	authentication	logOut	Wylogowuj...	2025-11-04 18:07:45.282789+00
436	pl	authentication	logOutSucceeded	Wylogowywanie powiodo si.	2025-11-04 18:07:45.282789+00
437	pl	authentication	loggingIn	Przekierowanie do ekranu logowania...	2025-11-04 18:07:45.282789+00
438	pl	authentication	completingLoggingIn	Logowanie powiodo si. Poczekaj chwil...	2025-11-04 18:07:45.282789+00
439	pl	app	authorizing	Autoryzowanie...	2025-11-04 18:07:45.282789+00
440	pl	app	pleaseLogIn	Zaloguj si, aby kontynuowa.	2025-11-04 18:07:45.282789+00
441	pl	app	notFoundTitle	Nie znaleziono	2025-11-04 18:07:45.282789+00
442	pl	app	notFoundBody	Przepraszamy, pod tym adresem nic nie ma.	2025-11-04 18:07:45.282789+00
443	pl	workspace	contentTab	Zawarto	2025-11-04 18:07:45.282789+00
444	pl	workspace	sessionsTab	Sesje	2025-11-04 18:07:45.282789+00
445	pl	workspace	forumTab	Forum	2025-11-04 18:07:45.282789+00
446	pl	workspace	settingsTab	Ustawienia	2025-11-04 18:07:45.282789+00
447	pl	workspace	forumTitle	Forum przestrzeni roboczej	2025-11-04 18:07:45.282789+00
448	pl	workspace	errorNoAccess	Przestrze robocza nie istnieje lub nie masz dostpu	2025-11-04 18:07:45.282789+00
449	pl	session	meetingTab	Spotkanie	2025-11-04 18:07:45.282789+00
450	pl	session	recordingsTab	Nagrania	2025-11-04 18:07:45.282789+00
451	pl	session	workspaceContentTab	Zawarto przestrzeni	2025-11-04 18:07:45.282789+00
452	pl	session	workspaceForumTab	Forum przestrzeni	2025-11-04 18:07:45.282789+00
453	pl	session	sessionSettingsTab	Ustawienia sesji	2025-11-04 18:07:45.282789+00
454	pl	session	errorNoAccess	Sesja nie istnieje lub nie masz dostpu	2025-11-04 18:07:45.282789+00
455	pl	profile	title	Twj profil	2025-11-04 18:07:45.282789+00
456	pl	profile	details	Szczegy	2025-11-04 18:07:45.282789+00
457	pl	profile	userName	Nazwa uytkownika	2025-11-04 18:07:45.282789+00
458	pl	profile	firstName	Imi	2025-11-04 18:07:45.282789+00
459	pl	profile	lastName	Nazwisko	2025-11-04 18:07:45.282789+00
460	pl	profile	userId	Id uytkownika	2025-11-04 18:07:45.282789+00
461	pl	manual	title	Instrukcja uytkownika	2025-11-04 18:07:45.282789+00
462	pl	manual	noPdfSupport	Twoja przegldarka nie obsuguje podgldu PDF.	2025-11-04 18:07:45.282789+00
463	pl	manual	openManualCta	Kliknij tutaj, aby otworzy instrukcj.	2025-11-04 18:07:45.282789+00
464	pl	manual	breadcrumb	Instrukcja	2025-11-04 18:07:45.282789+00
465	pl	recordingTool	pageTitle	Rejestrator wideo	2025-11-04 18:07:45.282789+00
466	pl	recordingTool	mobileUnavailable	Funkcja niedostpna na urzdzeniach mobilnych	2025-11-04 18:07:45.282789+00
467	pl	recordingTool	recordingName	Nazwa nagrania	2025-11-04 18:07:45.282789+00
468	pl	recordingTool	selectFolderDialogTitle	Wybierz folder dla nagrania	2025-11-04 18:07:45.282789+00
469	pl	recordingTool	selectFolderDialogConfirm	Zapisz tutaj	2025-11-04 18:07:45.282789+00
470	pl	recordingTool	recordingPrefix	Nagranie-	2025-11-04 18:07:45.282789+00
471	pl	recordingTool	recordButton	Nagrywaj	2025-11-04 18:07:45.282789+00
472	pl	recordingTool	stopButton	Zatrzymaj	2025-11-04 18:07:45.282789+00
473	pl	recordingTool	saveInWorkspace	Zapisz w przestrzeni roboczej	2025-11-04 18:07:45.282789+00
474	pl	recordingTool	saveOnComputer	Zapisz na komputerze	2025-11-04 18:07:45.282789+00
475	pl	recordingTool	discardButton	Odrzu	2025-11-04 18:07:45.282789+00
476	pl	recordingTool	noneOption	Brak	2025-11-04 18:07:45.282789+00
477	pl	recordingTool	audioOnlyRecording	Nagrywanie tylko audio	2025-11-04 18:07:45.282789+00
478	pl	recordingTool	noneAudioOnly	Brak (tylko audio)	2025-11-04 18:07:45.282789+00
479	pl	tokenDebug	pageTitle	Indeks	2025-11-04 18:07:45.282789+00
480	pl	tokenDebug	homeHeader	Strona gwna	2025-11-04 18:07:45.282789+00
481	pl	tokenDebug	welcome	Witamy w Concerto	2025-11-04 18:07:45.282789+00
482	pl	tokenDebug	claimsHeader	Dane ClaimsPrincipal	2025-11-04 18:07:45.282789+00
483	pl	tokenDebug	getClaimsButton	Pobierz dane ClaimsPrincipal	2025-11-04 18:07:45.282789+00
484	pl	tokenDebug	isAuthenticatedSuffix	 jest uwierzytelniony.	2025-11-04 18:07:45.282789+00
485	pl	tokenDebug	notAuthenticated	Uytkownik NIE jest uwierzytelniony.	2025-11-04 18:07:45.282789+00
486	pl	workspaceList	yourWorkspaces	Twoje przestrzenie	2025-11-04 18:07:45.282789+00
487	pl	workspaceList	search	Szukaj	2025-11-04 18:07:45.282789+00
488	pl	workspaceList	refresh	Odwie	2025-11-04 18:07:45.282789+00
489	pl	workspaceList	createWorkspace	Utwrz przestrze	2025-11-04 18:07:45.282789+00
490	pl	workspaceList	more	Wicej	2025-11-04 18:07:45.282789+00
491	pl	workspaceList	refreshView	Odwie widok	2025-11-04 18:07:45.282789+00
492	pl	workspaceList	workspaceNameHeader	Nazwa przestrzeni	2025-11-04 18:07:45.282789+00
493	pl	workspaceList	creationDateHeader	Data utworzenia	2025-11-04 18:07:45.282789+00
494	pl	workspaceList	nameColumn	Nazwa	2025-11-04 18:07:45.282789+00
495	pl	workspaceList	createdOnColumn	Utworzono	2025-11-04 18:07:45.282789+00
496	pl	workspaceList	actions	Akcje	2025-11-04 18:07:45.282789+00
497	pl	workspaceList	clone	Sklonuj	2025-11-04 18:07:45.282789+00
498	pl	workspaceList	deleteWorkspaceTitle	Usu przestrze robocz	2025-11-04 18:07:45.282789+00
499	pl	workspaceList	workspace	przestrze robocza	2025-11-04 18:07:45.282789+00
500	pl	workspaceList	workspaceDeleted	Przestrze robocza {0} usunita	2025-11-04 18:07:45.282789+00
501	pl	workspaceList	failedToDeleteWorkspace	Nie udao si usun przestrzeni roboczej {0}.	2025-11-04 18:07:45.282789+00
502	pl	workspaceList	cloneWorkspaceTitle	Sklonuj przestrze robocz {0}	2025-11-04 18:07:45.282789+00
503	pl	workspaceMemberPicker	sortBy	Sortuj wg	2025-11-04 18:07:45.282789+00
504	pl	workspaceMemberPicker	workspaceMembers	Czonkowie przestrzeni	2025-11-04 18:07:45.282789+00
505	pl	workspaceMemberPicker	search	Szukaj	2025-11-04 18:07:45.282789+00
506	pl	workspaceMemberPicker	selectedHeader	Zaznaczono	2025-11-04 18:07:45.282789+00
507	pl	workspaceMemberPicker	nameHeader	Imi	2025-11-04 18:07:45.282789+00
508	pl	workspaceMemberPicker	surnameHeader	Nazwisko	2025-11-04 18:07:45.282789+00
509	pl	workspaceMemberPicker	usernameHeader	Nazwa uytkownika	2025-11-04 18:07:45.282789+00
510	pl	workspaceMemberPicker	selectedColumn	Zaznaczono	2025-11-04 18:07:45.282789+00
511	pl	workspaceMemberPicker	nameColumn	Imi	2025-11-04 18:07:45.282789+00
512	pl	workspaceMemberPicker	surnameColumn	Nazwisko	2025-11-04 18:07:45.282789+00
513	pl	workspaceMemberPicker	usernameColumn	Nazwa uytkownika	2025-11-04 18:07:45.282789+00
514	pl	workspaceMemberPicker	selectAll	Zaznacz wszystko	2025-11-04 18:07:45.282789+00
597	pl	daw	solo	Solo	2025-11-04 18:07:45.282789+00
515	pl	userFolderPermissionPicker	addUser	Dodaj uytkownika	2025-11-04 18:07:45.282789+00
516	pl	userFolderPermissionPicker	nameHeader	Nazwa	2025-11-04 18:07:45.282789+00
517	pl	userFolderPermissionPicker	permissionHeader	Uprawnienie	2025-11-04 18:07:45.282789+00
518	pl	userFolderPermissionPicker	actionsHeader	Akcje	2025-11-04 18:07:45.282789+00
519	pl	userFolderPermissionPicker	restoreDefaultTooltip	Przywr domylne - uprawnienie bdzie takie jak w folderze nadrzdnym	2025-11-04 18:07:45.282789+00
520	pl	userFolderPermissionPicker	restoreInheritedTitle	Przywr dziedziczone	2025-11-04 18:07:45.282789+00
521	pl	userFolderPermissionPicker	removeTooltip	Usu - zastosuje si domylne uprawnienie folderu	2025-11-04 18:07:45.282789+00
522	pl	userFolderPermissionPicker	removeUserPermissionTitle	Usu uprawnienie uytkownika	2025-11-04 18:07:45.282789+00
523	pl	folderTypePicker	folderTypeLabel	Typ folderu	2025-11-04 18:07:45.282789+00
524	pl	folderPermissionPicker	permissionLabel	Uprawnienie	2025-11-04 18:07:45.282789+00
525	pl	folderPermissionPicker	inheritedPrefix	Dziedziczone -	2025-11-04 18:07:45.282789+00
526	pl	folderPermissionPicker	infoTitle	Informacje	2025-11-04 18:07:45.282789+00
527	pl	folderPermissionPicker	tooltipTitle	Uprawnienia folderu	2025-11-04 18:07:45.282789+00
528	pl	folderPermissionPicker	readersHeader	Czytelnicy	2025-11-04 18:07:45.282789+00
529	pl	folderPermissionPicker	readersPoint1	Przegldanie zawartoci folderu i pobieranie plikw	2025-11-04 18:07:45.282789+00
530	pl	folderPermissionPicker	contributorsHeader	Wsptwrcy	2025-11-04 18:07:45.282789+00
531	pl	folderPermissionPicker	contributorsPoint1	Przegldanie zawartoci folderu i pobieranie plikw	2025-11-04 18:07:45.282789+00
532	pl	folderPermissionPicker	contributorsPoint2	Dodawanie plikw i folderw	2025-11-04 18:07:45.282789+00
533	pl	folderPermissionPicker	contributorsPoint3	Usuwanie plikw i folderw bdcych ich wasnoci	2025-11-04 18:07:45.282789+00
534	pl	folderPermissionPicker	contributorsPoint4	Edycja plikw i folderw bdcych ich wasnoci	2025-11-04 18:07:45.282789+00
535	pl	folderPermissionPicker	editorsHeader	Redaktorzy	2025-11-04 18:07:45.282789+00
536	pl	folderPermissionPicker	editorsPoint1	Przegldanie zawartoci folderu i pobieranie plikw	2025-11-04 18:07:45.282789+00
537	pl	folderPermissionPicker	editorsPoint2	Dodawanie, edycja i usuwanie dowolnych plikw	2025-11-04 18:07:45.282789+00
538	pl	folderPermissionPicker	editorsPoint3	Dodawanie folderw	2025-11-04 18:07:45.282789+00
539	pl	folderPermissionPicker	editorsPoint4	Usuwanie i edycja folderw bdcych ich wasnoci	2025-11-04 18:07:45.282789+00
540	pl	folderPermissionPicker	editorsPoint5	Usuwanie i edycja folderw, w ktrych posiadaj uprawnienie Redaktora	2025-11-04 18:07:45.282789+00
541	pl	folderPermissionPicker	reader	Czytelnik	2025-11-04 18:07:45.282789+00
542	pl	folderPermissionPicker	contributor	Wsptwrca	2025-11-04 18:07:45.282789+00
543	pl	folderPermissionPicker	editor	Redaktor	2025-11-04 18:07:45.282789+00
544	pl	sessionList	toolbarTitle	Sesje	2025-11-04 18:07:45.282789+00
545	pl	sessionList	refresh	Odwie	2025-11-04 18:07:45.282789+00
546	pl	sessionList	createSession	Utwrz sesj	2025-11-04 18:07:45.282789+00
547	pl	sessionList	more	Wicej	2025-11-04 18:07:45.282789+00
548	pl	sessionList	refreshView	Odwie widok	2025-11-04 18:07:45.282789+00
549	pl	sessionList	headerName	Nazwa	2025-11-04 18:07:45.282789+00
550	pl	sessionList	headerDate	Data	2025-11-04 18:07:45.282789+00
551	pl	sessionList	dataLabelName	Nazwa	2025-11-04 18:07:45.282789+00
552	pl	sessionList	dataLabelScheduledFor	Zaplanowano na	2025-11-04 18:07:45.282789+00
553	pl	sessionList	actions	Akcje	2025-11-04 18:07:45.282789+00
554	pl	sessionList	open	Otwrz	2025-11-04 18:07:45.282789+00
555	pl	sessionList	delete	Usu	2025-11-04 18:07:45.282789+00
556	pl	sessionList	createNewSession	Utwrz now sesj	2025-11-04 18:07:45.282789+00
557	pl	sessionList	deleteSessionTitle	Usu sesj	2025-11-04 18:07:45.282789+00
558	pl	sessionList	session	sesja	2025-11-04 18:07:45.282789+00
559	pl	sessionList	sessionDeleted	Sesja {0} usunita	2025-11-04 18:07:45.282789+00
560	pl	sessionList	failedToDeleteSession	Nie udao si usun sesji {0}.	2025-11-04 18:07:45.282789+00
561	pl	mainLayout	manageAccount	Zarzdzaj kontem	2025-11-04 18:07:45.282789+00
562	pl	mainLayout	toggleTheme	Przecz motyw	2025-11-04 18:07:45.282789+00
563	pl	mainLayout	userManual	Instrukcja uytkownika	2025-11-04 18:07:45.282789+00
564	pl	mainLayout	logOut	Wyloguj	2025-11-04 18:07:45.282789+00
565	pl	mainLayout	signIn	Zaloguj si	2025-11-04 18:07:45.282789+00
566	pl	forum	createPost	Utwrz post	2025-11-04 18:07:45.282789+00
567	pl	forum	editPost	Edytuj post	2025-11-04 18:07:45.282789+00
568	pl	forum	cancel	Anuluj	2025-11-04 18:07:45.282789+00
569	pl	forum	titleLabel	Tytu	2025-11-04 18:07:45.282789+00
570	pl	forum	files	Pliki:	2025-11-04 18:07:45.282789+00
571	pl	forum	addRemoveFiles	Dodaj/usu pliki	2025-11-04 18:07:45.282789+00
572	pl	forum	postContentLabel	Tre posta	2025-11-04 18:07:45.282789+00
573	pl	forum	noPostsRelatedToFile	Brak postw powizanych z plikiem	2025-11-04 18:07:45.282789+00
574	pl	forum	actions	Akcje	2025-11-04 18:07:45.282789+00
575	pl	forum	edit	Edytuj	2025-11-04 18:07:45.282789+00
576	pl	forum	delete	Usu	2025-11-04 18:07:45.282789+00
577	pl	forum	addComment	Dodaj komentarz	2025-11-04 18:07:45.282789+00
578	pl	forum	sendComment	Wylij komentarz	2025-11-04 18:07:45.282789+00
579	pl	forum	commentLabel	Komentarz	2025-11-04 18:07:45.282789+00
580	pl	forum	showMoreComments	Poka wicej komentarzy	2025-11-04 18:07:45.282789+00
581	pl	forum	showMorePosts	Poka wicej postw	2025-11-04 18:07:45.282789+00
582	pl	forum	failedAddComment	Nie udao si doda komentarza	2025-11-04 18:07:45.282789+00
583	pl	forum	failedEditPost	Nie udao si edytowa posta	2025-11-04 18:07:45.282789+00
584	pl	forum	failedEditComment	Nie udao si edytowa komentarza	2025-11-04 18:07:45.282789+00
585	pl	forum	postDeleted	Post usunity.	2025-11-04 18:07:45.282789+00
586	pl	forum	failedDeletePost	Nie udao si usun posta	2025-11-04 18:07:45.282789+00
587	pl	forum	failedCreatePost	Nie udao si utworzy posta	2025-11-04 18:07:45.282789+00
588	pl	forum	commentDeleted	Komentarz usunity.	2025-11-04 18:07:45.282789+00
589	pl	forum	failedDeleteComment	Nie udao si usun komentarza.	2025-11-04 18:07:45.282789+00
590	pl	forum	deletePostConfirmTitle	Usu post	2025-11-04 18:07:45.282789+00
591	pl	forum	deleteCommentConfirmTitle	Usu komentarz	2025-11-04 18:07:45.282789+00
592	pl	forum	editedSuffix	(Edytowano)	2025-11-04 18:07:45.282789+00
593	pl	meeting	downloadJitsiApp	Pobierz aplikacj Jitsi Meet	2025-11-04 18:07:45.282789+00
594	pl	meeting	openInApp	Otwrz spotkanie w aplikacji Jitsi Meet (musi by zainstalowana)	2025-11-04 18:07:45.282789+00
595	pl	daw	unnamedTrack	cieka bez nazwy	2025-11-04 18:07:45.282789+00
598	pl	daw	addTrack	Dodaj ciek	2025-11-04 18:07:45.282789+00
599	pl	common	refresh	Odwie	2025-11-04 18:07:45.282789+00
600	pl	common	actions	Akcje	2025-11-04 18:07:45.282789+00
601	pl	common	cancel	Anuluj	2025-11-04 18:07:45.282789+00
602	pl	common	create	Utwrz	2025-11-04 18:07:45.282789+00
603	pl	common	cancelButton	Anuluj	2025-11-04 18:07:45.282789+00
604	pl	common	updateButton	Aktualizuj	2025-11-04 18:07:45.282789+00
605	pl	common	settings	Ustawienia	2025-11-04 18:07:45.282789+00
606	pl	common	search	Szukaj	2025-11-04 18:07:45.282789+00
607	pl	translationsManager	filtersHeader	Filtry	2025-11-04 18:07:45.282789+00
608	pl	translationsManager	filterViewLabel	Filtruj po widoku	2025-11-04 18:07:45.282789+00
609	pl	translationsManager	filterKeyLabel	Filtruj po kluczu	2025-11-04 18:07:45.282789+00
610	pl	translationsManager	filterValueLanguageLabel	Jzyk dla filtra wartoci	2025-11-04 18:07:45.282789+00
611	pl	translationsManager	filterValueLabel	Filtruj po wartoci	2025-11-04 18:07:45.282789+00
612	pl	translationsManager	showOnlySelectedLanguagesLabel	Poka tylko wybrane jzyki	2025-11-04 18:07:45.282789+00
613	pl	translationsManager	noMatches	Brak tumacze speniajcych biece filtry.	2025-11-04 18:07:45.282789+00
614	pl	translationsManager	saveCta	Zapisz	2025-11-04 18:07:45.282789+00
615	pl	translationsManager	failedToLoadTranslations	Nie udao si wczyta tumacze	2025-11-04 18:07:45.282789+00
616	pl	translationsManager	noChangesToSave	Brak zmian do zapisania	2025-11-04 18:07:45.282789+00
617	pl	translationsManager	reviewChangesTitle	Przegld zmian	2025-11-04 18:07:45.282789+00
618	pl	translationsManager	translationsSavedTitle	Tumaczenia zapisane	2025-11-04 18:07:45.282789+00
619	pl	translationsManager	failedToSaveTranslations	Nie udao si zapisa tumacze	2025-11-04 18:07:45.282789+00
620	pl	translationsManager	successfullySavedMessage	Pomylnie zapisano {0} tumacze.\n\nProsz odwiey stron, aby zobaczy zmiany w aplikacji.	2025-11-04 18:07:45.282789+00
621	pl	languagesManager	title	Jzyki	2025-11-04 18:07:45.282789+00
622	pl	languagesManager	addNewLanguage	Dodaj nowy jzyk	2025-11-04 18:07:45.282789+00
623	pl	languagesManager	nameColumn	Nazwa	2025-11-04 18:07:45.282789+00
624	pl	languagesManager	keyColumn	Klucz	2025-11-04 18:07:45.282789+00
625	pl	languagesManager	publicColumn	Publiczny	2025-11-04 18:07:45.282789+00
626	pl	languagesManager	deleteLanguage	Usu jzyk	2025-11-04 18:07:45.282789+00
627	pl	languagesManager	createDialogTitle	Utwrz nowy jzyk	2025-11-04 18:07:45.282789+00
628	pl	languagesManager	nameField	Nazwa	2025-11-04 18:07:45.282789+00
629	pl	languagesManager	keyField	Klucz	2025-11-04 18:07:45.282789+00
630	pl	languagesManager	keyHelper	Identyfikator jzyka (np. 'en', 'pl', 'es')	2025-11-04 18:07:45.282789+00
631	pl	languagesManager	failedToLoadLanguages	Nie udao si wczyta jzykw	2025-11-04 18:07:45.282789+00
632	pl	languagesManager	languageNameRequired	Nazwa jzyka jest wymagana	2025-11-04 18:07:45.282789+00
633	pl	languagesManager	languageKeyRequired	Klucz jzyka jest wymagany	2025-11-04 18:07:45.282789+00
634	pl	languagesManager	languageCreated	Jzyk '{0}' utworzony pomylnie	2025-11-04 18:07:45.282789+00
635	pl	languagesManager	failedToCreateLanguage	Nie udao si utworzy jzyka: {0}	2025-11-04 18:07:45.282789+00
636	pl	languagesManager	languageNowPrivate	Jzyk '{0}' jest teraz prywatny	2025-11-04 18:07:45.282789+00
637	pl	languagesManager	languageNowPublic	Jzyk '{0}' jest teraz publiczny	2025-11-04 18:07:45.282789+00
638	pl	languagesManager	failedToUpdateLanguage	Nie udao si zaktualizowa jzyka: {0}	2025-11-04 18:07:45.282789+00
639	pl	languagesManager	deleteLanguageTitle	Usu jzyk	2025-11-04 18:07:45.282789+00
640	pl	languagesManager	language	jzyk	2025-11-04 18:07:45.282789+00
641	pl	languagesManager	languageDeleted	Jzyk '{0}' usunity pomylnie	2025-11-04 18:07:45.282789+00
642	pl	languagesManager	failedToDeleteLanguage	Nie udao si usun jzyka: {0}	2025-11-04 18:07:45.282789+00
643	pl	userManager	title	Uytkownicy	2025-11-04 18:07:45.282789+00
644	pl	userManager	nameColumn	Imi	2025-11-04 18:07:45.282789+00
645	pl	userManager	surnameColumn	Nazwisko	2025-11-04 18:07:45.282789+00
646	pl	userManager	usernameColumn	Nazwa uytkownika	2025-11-04 18:07:45.282789+00
647	pl	userManager	emailColumn	Email	2025-11-04 18:07:45.282789+00
648	pl	userManager	roleColumn	Rola	2025-11-04 18:07:45.282789+00
649	pl	userManager	confirmUser	Potwierd uytkownika	2025-11-04 18:07:45.282789+00
650	pl	userManager	rejectUser	Odrzu uytkownika	2025-11-04 18:07:45.282789+00
651	pl	userManager	deleteUser	Usu uytkownika	2025-11-04 18:07:45.282789+00
652	pl	userManager	verifyUserTitle	Zweryfikuj uytkownika	2025-11-04 18:07:45.282789+00
653	pl	userManager	confirm	potwierd	2025-11-04 18:07:45.282789+00
654	pl	userManager	user	uytkownik	2025-11-04 18:07:45.282789+00
655	pl	userManager	deleteUserTitle	Usu uytkownika	2025-11-04 18:07:45.282789+00
656	pl	workspaceSettingsManager	discard	Odrzu	2025-11-04 18:07:45.282789+00
657	pl	workspaceSettingsManager	save	Zapisz	2025-11-04 18:07:45.282789+00
658	pl	workspaceSettingsManager	delete	Usu	2025-11-04 18:07:45.282789+00
659	pl	workspaceSettingsManager	role	Rola	2025-11-04 18:07:45.282789+00
660	pl	workspaceSettingsManager	yourRolePrefix	Twoja rola	2025-11-04 18:07:45.282789+00
661	pl	workspaceSettingsManager	workspaceNameLabel	Nazwa przestrzeni	2025-11-04 18:07:45.282789+00
662	pl	workspaceSettingsManager	workspaceUpdated	Przestrze robocza zaktualizowana	2025-11-04 18:07:45.282789+00
663	pl	workspaceSettingsManager	failedToUpdateWorkspace	Nie udao si zaktualizowa przestrzeni roboczej	2025-11-04 18:07:45.282789+00
664	pl	workspaceSettingsManager	deleteWorkspaceTitle	Usu przestrze robocz	2025-11-04 18:07:45.282789+00
665	pl	workspaceSettingsManager	workspace	przestrze robocza	2025-11-04 18:07:45.282789+00
666	pl	workspaceSettingsManager	workspaceDeleted	{0} usunita	2025-11-04 18:07:45.282789+00
667	pl	workspaceSettingsManager	failedToDeleteWorkspace	Nie udao si usun przestrzeni roboczej {0}.	2025-11-04 18:07:45.282789+00
668	pl	sessionSettingsManager	discard	Odrzu	2025-11-04 18:07:45.282789+00
669	pl	sessionSettingsManager	save	Zapisz	2025-11-04 18:07:45.282789+00
670	pl	sessionSettingsManager	deleteSession	Usu sesj	2025-11-04 18:07:45.282789+00
671	pl	sessionSettingsManager	nameLabel	Nazwa	2025-11-04 18:07:45.282789+00
672	pl	sessionSettingsManager	dateLabel	Data	2025-11-04 18:07:45.282789+00
673	pl	sessionSettingsManager	timeLabel	Godzina	2025-11-04 18:07:45.282789+00
674	pl	sessionSettingsManager	sessionUpdated	Sesja zaktualizowana	2025-11-04 18:07:45.282789+00
675	pl	sessionSettingsManager	failedToUpdateSession	Nie udao si zaktualizowa sesji	2025-11-04 18:07:45.282789+00
676	pl	sessionSettingsManager	deleteSessionTitle	Usu sesj	2025-11-04 18:07:45.282789+00
677	pl	sessionSettingsManager	session	sesja	2025-11-04 18:07:45.282789+00
678	pl	sessionSettingsManager	sessionDeleted	Sesja {0} usunita	2025-11-04 18:07:45.282789+00
679	pl	sessionSettingsManager	failedToDeleteSession	Nie udao si usun sesji {0}.	2025-11-04 18:07:45.282789+00
680	pl	workspaceMemberManager	title	Uytkownicy	2025-11-04 18:07:45.282789+00
681	pl	workspaceMemberManager	addMembers	Dodaj czonkw	2025-11-04 18:07:45.282789+00
682	pl	workspaceMemberManager	memberColumn	Czonek	2025-11-04 18:07:45.282789+00
683	pl	workspaceMemberManager	nameColumn	Imi	2025-11-04 18:07:45.282789+00
684	pl	workspaceMemberManager	surnameColumn	Nazwisko	2025-11-04 18:07:45.282789+00
685	pl	workspaceMemberManager	usernameColumn	Nazwa uytkownika	2025-11-04 18:07:45.282789+00
686	pl	workspaceMemberManager	roleColumn	Rola	2025-11-04 18:07:45.282789+00
687	pl	workspaceMemberManager	selectAll	Zaznacz wszystko	2025-11-04 18:07:45.282789+00
688	pl	workspaceMemberManager	legend	Legenda	2025-11-04 18:07:45.282789+00
689	pl	workspaceMemberManager	legendNew	Nowy	2025-11-04 18:07:45.282789+00
690	pl	workspaceMemberManager	legendModified	Zmodyfikowany	2025-11-04 18:07:45.282789+00
691	pl	workspaceMemberManager	legendDeleted	Usunity	2025-11-04 18:07:45.282789+00
692	pl	workspaceMemberManager	legendEditing	Edycja	2025-11-04 18:07:45.282789+00
693	pl	uploadManager	uploads	Przesyania	2025-11-04 18:07:45.282789+00
694	pl	uploadManager	noUploads	Brak przesya	2025-11-04 18:07:45.282789+00
695	pl	uploadManager	clearHistory	Wyczy histori	2025-11-04 18:07:45.282789+00
696	pl	uploadManager	cancelled	Anulowano	2025-11-04 18:07:45.282789+00
697	pl	uploadManager	errorCodePrefix	Kod bdu:	2025-11-04 18:07:45.282789+00
698	pl	uploadManager	errorPrefix	Bd:	2025-11-04 18:07:45.282789+00
699	pl	uploadManager	clear	Wyczy	2025-11-04 18:07:45.282789+00
700	pl	translationsSavePreviewDialog	title	Przegld zmian	2025-11-04 18:07:45.282789+00
701	pl	translationsSavePreviewDialog	tableView	Widok	2025-11-04 18:07:45.282789+00
702	pl	translationsSavePreviewDialog	tableKey	Klucz	2025-11-04 18:07:45.282789+00
703	pl	translationsSavePreviewDialog	tableLanguage	Jzyk	2025-11-04 18:07:45.282789+00
704	pl	translationsSavePreviewDialog	tableNewValue	Nowa warto	2025-11-04 18:07:45.282789+00
705	pl	translationsSavePreviewDialog	tableAction	Akcja	2025-11-04 18:07:45.282789+00
706	pl	translationsSavePreviewDialog	chipDeleted	Zostanie usunite	2025-11-04 18:07:45.282789+00
707	pl	translationsSavePreviewDialog	chipNew	Nowe	2025-11-04 18:07:45.282789+00
708	pl	translationsSavePreviewDialog	chipUpdated	Zaktualizowano	2025-11-04 18:07:45.282789+00
709	pl	translationsSavePreviewDialog	actionDelete	Usu	2025-11-04 18:07:45.282789+00
710	pl	translationsSavePreviewDialog	actionCreate	Utwrz	2025-11-04 18:07:45.282789+00
711	pl	translationsSavePreviewDialog	actionUpdate	Aktualizuj	2025-11-04 18:07:45.282789+00
712	pl	translationsSavePreviewDialog	alertRefresh	Po zapisaniu naley odwiey stron, aby zobaczy zmiany w aplikacji.	2025-11-04 18:07:45.282789+00
713	pl	translationsSavePreviewDialog	cancelButton	Anuluj	2025-11-04 18:07:45.282789+00
714	pl	translationsSavePreviewDialog	confirmAndSaveButton	Potwierd i zapisz	2025-11-04 18:07:45.282789+00
715	pl	translationsSavePreviewDialog	saveConfirmationMessage	Zamierzasz zapisa {0} tumacze. Przejrzyj zmiany poniej:	2025-11-04 18:07:45.282789+00
716	pl	updateUserDialog	title	Ustawienia uytkownika	2025-11-04 18:07:45.282789+00
717	pl	updateUserDialog	nameLabel	Imi i nazwisko	2025-11-04 18:07:45.282789+00
718	pl	updateUserDialog	usernameLabel	Nazwa uytkownika	2025-11-04 18:07:45.282789+00
719	pl	updateUserDialog	emailLabel	Email	2025-11-04 18:07:45.282789+00
720	pl	updateUserDialog	roleLabel	Rola	2025-11-04 18:07:45.282789+00
721	pl	fileManager	back	Wstecz	2025-11-04 18:07:45.282789+00
722	pl	fileManager	search	Szukaj	2025-11-04 18:07:45.282789+00
723	pl	fileManager	refresh	Odwie	2025-11-04 18:07:45.282789+00
724	pl	fileManager	uploadFiles	Przelij pliki	2025-11-04 18:07:45.282789+00
725	pl	fileManager	createFolder	Utwrz folder	2025-11-04 18:07:45.282789+00
726	pl	fileManager	toggleSelectionMode	Przecz tryb zaznaczania	2025-11-04 18:07:45.282789+00
727	pl	fileManager	more	Wicej	2025-11-04 18:07:45.282789+00
728	pl	fileManager	refreshView	Odwie widok	2025-11-04 18:07:45.282789+00
729	pl	fileManager	settings	Ustawienia	2025-11-04 18:07:45.282789+00
730	pl	fileManager	select	Zaznacz	2025-11-04 18:07:45.282789+00
731	pl	fileManager	cancelSelection	Anuluj zaznaczenie	2025-11-04 18:07:45.282789+00
732	pl	fileManager	moveSelectedTo	Przenie zaznaczone do	2025-11-04 18:07:45.282789+00
733	pl	fileManager	copySelectedTo	Skopiuj zaznaczone do	2025-11-04 18:07:45.282789+00
734	pl	fileManager	deleteSelected	Usu zaznaczone	2025-11-04 18:07:45.282789+00
735	pl	fileManager	name	Nazwa	2025-11-04 18:07:45.282789+00
736	pl	fileManager	format	Format	2025-11-04 18:07:45.282789+00
737	pl	fileManager	type	Typ	2025-11-04 18:07:45.282789+00
738	pl	fileManager	size	Rozmiar	2025-11-04 18:07:45.282789+00
739	pl	fileManager	owner	Waciciel	2025-11-04 18:07:45.282789+00
740	pl	fileManager	actions	Akcje	2025-11-04 18:07:45.282789+00
741	pl	fileManager	open	Otwrz	2025-11-04 18:07:45.282789+00
742	pl	fileManager	delete	Usu	2025-11-04 18:07:45.282789+00
743	pl	fileManager	download	Pobierz	2025-11-04 18:07:45.282789+00
744	pl	fileManager	showRelatedPosts	Poka powizane posty	2025-11-04 18:07:45.282789+00
745	pl	fileManager	edit	Edytuj	2025-11-04 18:07:45.282789+00
746	pl	fileManager	uploadFilesToFolder	Przelij pliki do folderu	2025-11-04 18:07:45.282789+00
747	pl	fileManager	deleteFolderItems	Usu elementy folderu	2025-11-04 18:07:45.282789+00
748	pl	fileManager	folderItems	elementy folderu	2025-11-04 18:07:45.282789+00
749	pl	fileManager	itemsDeleted	Elementy usunite	2025-11-04 18:07:45.282789+00
750	pl	fileManager	failedToDeleteItems	Nie udao si usun elementw	2025-11-04 18:07:45.282789+00
751	pl	fileManager	moveItemsTo	Przenie elementy do	2025-11-04 18:07:45.282789+00
752	pl	fileManager	moveHere	Przenie tutaj	2025-11-04 18:07:45.282789+00
753	pl	fileManager	copyItemsTo	Skopiuj elementy do	2025-11-04 18:07:45.282789+00
754	pl	fileManager	copyHere	Skopiuj tutaj	2025-11-04 18:07:45.282789+00
755	pl	fileManager	deleteFolder	Usu folder	2025-11-04 18:07:45.282789+00
756	pl	fileManager	folder	Folder	2025-11-04 18:07:45.282789+00
757	pl	fileManager	folderDeleted	Folder usunity	2025-11-04 18:07:45.282789+00
758	pl	fileManager	failedToDeleteFolder	Nie udao si usun folderu	2025-11-04 18:07:45.282789+00
759	pl	fileManager	deleteFile	Usu plik	2025-11-04 18:07:45.282789+00
760	pl	fileManager	file	plik	2025-11-04 18:07:45.282789+00
761	pl	fileManager	fileDeleted	Plik usunity	2025-11-04 18:07:45.282789+00
762	pl	fileManager	failedToDeleteFile	Nie udao si usun pliku	2025-11-04 18:07:45.282789+00
763	pl	fileManager	editFolder	Edytuj folder	2025-11-04 18:07:45.282789+00
764	pl	fileManager	editFile	Edytuj plik	2025-11-04 18:07:45.282789+00
765	pl	uploadFilesDialog	clickHereOrDragFiles	Kliknij tutaj lub przecignij pliki	2025-11-04 18:07:45.282789+00
766	pl	uploadFilesDialog	cancel	Anuluj	2025-11-04 18:07:45.282789+00
767	pl	uploadFilesDialog	clear	Wyczy	2025-11-04 18:07:45.282789+00
768	pl	uploadFilesDialog	upload	Przelij	2025-11-04 18:07:45.282789+00
769	pl	updateFolderDialog	title	Ustawienia folderu	2025-11-04 18:07:45.282789+00
770	pl	updateFolderDialog	folderNameLabel	Nazwa folderu	2025-11-04 18:07:45.282789+00
771	pl	updateFolderDialog	userSpecificPermissions	Uprawnienia uytkownikw	2025-11-04 18:07:45.282789+00
772	pl	updateFolderDialog	userPermissionsTooltip	Te ustawienia nadpisz uprawnienia folderu dla okrelonych uytkownikw	2025-11-04 18:07:45.282789+00
773	pl	updateFolderDialog	cancel	Anuluj	2025-11-04 18:07:45.282789+00
774	pl	updateFolderDialog	update	Aktualizuj	2025-11-04 18:07:45.282789+00
775	pl	updateFolderDialog	folderNameCannotBeEmpty	Nazwa folderu nie moe by pusta	2025-11-04 18:07:45.282789+00
776	pl	updateFolderDialog	folderUpdated	Folder zaktualizowany	2025-11-04 18:07:45.282789+00
777	pl	updateFolderDialog	failedToUpdateFolder	Nie udao si zaktualizowa folderu	2025-11-04 18:07:45.282789+00
778	pl	updateFileDialog	title	Ustawienia pliku	2025-11-04 18:07:45.282789+00
779	pl	updateFileDialog	fileNameLabel	Nazwa pliku	2025-11-04 18:07:45.282789+00
780	pl	updateFileDialog	cancel	Anuluj	2025-11-04 18:07:45.282789+00
781	pl	updateFileDialog	update	Aktualizuj	2025-11-04 18:07:45.282789+00
782	pl	updateFileDialog	fileNameCannotBeEmpty	Nazwa pliku nie moe by pusta	2025-11-04 18:07:45.282789+00
783	pl	updateFileDialog	file	Plik	2025-11-04 18:07:45.282789+00
784	pl	updateFileDialog	updated	zaktualizowany	2025-11-04 18:07:45.282789+00
785	pl	updateFileDialog	failedToUpdateFile	Nie udao si zaktualizowa pliku	2025-11-04 18:07:45.282789+00
786	pl	selectFolderDialog	workspace	Przestrze robocza	2025-11-04 18:07:45.282789+00
787	pl	selectFolderDialog	change	Zmie	2025-11-04 18:07:45.282789+00
788	pl	selectFolderDialog	cancel	Anuluj	2025-11-04 18:07:45.282789+00
789	pl	selectFolderDialog	selectWorkspace	Wybierz przestrze robocz	2025-11-04 18:07:45.282789+00
790	pl	selectFilesDialog	selectedFiles	Wybrane pliki	2025-11-04 18:07:45.282789+00
791	pl	selectFilesDialog	cancel	Anuluj	2025-11-04 18:07:45.282789+00
792	pl	selectFilesDialog	ok	OK	2025-11-04 18:07:45.282789+00
793	pl	postsRelatedToFileDialog	postsRelatedTo	Posty powizane z	2025-11-04 18:07:45.282789+00
794	pl	postsRelatedToFileDialog	close	Zamknij	2025-11-04 18:07:45.282789+00
795	pl	postsRelatedToFileDialog	noPostsRelatedTo	Brak postw powizanych z	2025-11-04 18:07:45.282789+00
796	pl	cloneWorkspaceDialog	workspaceName	Nazwa przestrzeni roboczej	2025-11-04 18:07:45.282789+00
797	pl	cloneWorkspaceDialog	copyMembers	Skopiuj czonkw	2025-11-04 18:07:45.282789+00
798	pl	cloneWorkspaceDialog	withRoles	Z rolami	2025-11-04 18:07:45.282789+00
799	pl	cloneWorkspaceDialog	copyFolders	Skopiuj foldery	2025-11-04 18:07:45.282789+00
800	pl	cloneWorkspaceDialog	withFiles	Z plikami	2025-11-04 18:07:45.282789+00
801	pl	cloneWorkspaceDialog	withUserSpecificPermissions	Z uprawnieniami uytkownikw	2025-11-04 18:07:45.282789+00
802	pl	cloneWorkspaceDialog	cancel	Anuluj	2025-11-04 18:07:45.282789+00
803	pl	cloneWorkspaceDialog	ok	OK	2025-11-04 18:07:45.282789+00
804	pl	cloneWorkspaceDialog	clonedWorkspace	Sklonowano przestrze robocz	2025-11-04 18:07:45.282789+00
805	pl	cloneWorkspaceDialog	failedToCloneWorkspace	Nie udao si sklonowa przestrzeni roboczej	2025-11-04 18:07:45.282789+00
806	pl	confirmationDialog	imSure	Jestem pewien.	2025-11-04 18:07:45.282789+00
807	pl	confirmationDialog	no	Nie	2025-11-04 18:07:45.282789+00
808	pl	confirmationDialog	yes	Tak	2025-11-04 18:07:45.282789+00
809	pl	createFolderDialog	folderName	Nazwa folderu	2025-11-04 18:07:45.282789+00
810	pl	createFolderDialog	cancel	Anuluj	2025-11-04 18:07:45.282789+00
811	pl	createFolderDialog	create	Utwrz	2025-11-04 18:07:45.282789+00
812	pl	createFolderDialog	folderNameCannotBeEmpty	Nazwa folderu nie moe by pusta	2025-11-04 18:07:45.282789+00
813	pl	createFolderDialog	folderCreated	Folder utworzony	2025-11-04 18:07:45.282789+00
814	pl	createFolderDialog	failedToCreateFolder	Nie udao si utworzy folderu	2025-11-04 18:07:45.282789+00
815	pl	createSessionDialog	name	Nazwa	2025-11-04 18:07:45.282789+00
816	pl	createSessionDialog	date	Data	2025-11-04 18:07:45.282789+00
817	pl	createSessionDialog	time	Godzina	2025-11-04 18:07:45.282789+00
818	pl	createSessionDialog	cancel	Anuluj	2025-11-04 18:07:45.282789+00
819	pl	createSessionDialog	create	Utwrz	2025-11-04 18:07:45.282789+00
820	pl	createSessionDialog	sessionNameCannotBeEmpty	Nazwa sesji nie moe by pusta	2025-11-04 18:07:45.282789+00
821	pl	createSessionDialog	timeNotSet	Godzina nie zostaa ustawiona	2025-11-04 18:07:45.282789+00
822	pl	createSessionDialog	dateNotSet	Data nie zostaa ustawiona	2025-11-04 18:07:45.282789+00
823	pl	createSessionDialog	sessionCreated	Sesja utworzona	2025-11-04 18:07:45.282789+00
824	pl	createSessionDialog	failedToCreateSession	Nie udao si utworzy sesji	2025-11-04 18:07:45.282789+00
825	pl	createWorkspaceDialog	workspaceName	Nazwa przestrzeni roboczej	2025-11-04 18:07:45.282789+00
826	pl	createWorkspaceDialog	workspaceDescription	Opis przestrzeni roboczej	2025-11-04 18:07:45.282789+00
827	pl	createWorkspaceDialog	cancel	Anuluj	2025-11-04 18:07:45.282789+00
828	pl	createWorkspaceDialog	create	Utwrz	2025-11-04 18:07:45.282789+00
829	pl	createWorkspaceDialog	workspaceNameCannotBeEmpty	Nazwa przestrzeni roboczej nie moe by pusta	2025-11-04 18:07:45.282789+00
830	pl	createWorkspaceDialog	workspaceCreated	Przestrze robocza utworzona	2025-11-04 18:07:45.282789+00
831	pl	createWorkspaceDialog	failedToCreateWorkspace	Nie udao si utworzy przestrzeni roboczej	2025-11-04 18:07:45.282789+00
832	pl	inputStringDialog	cancel	Anuluj	2025-11-04 18:07:45.282789+00
833	pl	inputStringDialog	ok	OK	2025-11-04 18:07:45.282789+00
834	pl	filePreviewDialog	browserDoesntSupportPdf	Twoja przegldarka nie obsuguje podgldu PDF	2025-11-04 18:07:45.282789+00
835	pl	filePreviewDialog	cannotPreviewFile	Nie mona wywietli podgldu tego pliku	2025-11-04 18:07:45.282789+00
836	pl	filePreviewDialog	close	Zamknij	2025-11-04 18:07:45.282789+00
837	pl	filePreviewDialog	download	Pobierz	2025-11-04 18:07:45.282789+00
838	pl	infoDialog	ok	OK	2025-11-04 18:07:45.282789+00
\.


--
-- Data for Name: UploadedFiles; Type: TABLE DATA; Schema: public; Owner: -
--

COPY public."UploadedFiles" ("Id", "FolderId", "OwnerId", "Size", "DisplayName", "Extension", "MimeType", "StorageName") FROM stdin;
1	2	1b47e0c0-668d-4020-959c-412c241fdd05	593762	ZBS - Tunelowanie	.pdf	application/pdf	ZBS - Tunelowanie.pdf.babc9b7c-bc2a-4c39-813a-6f27d1ab6729
2	2	1b47e0c0-668d-4020-959c-412c241fdd05	316438	TuneleIPv6-IPSec	.pdf	application/pdf	TuneleIPv6-IPSec.pdf.a6c349b6-41d5-4a41-ad55-8552423a92e2
3	2	1b47e0c0-668d-4020-959c-412c241fdd05	3207030	recording-16.04.2025,-23-39-59	.wav	audio/wav	recording-16.04.2025,-23-39-59.wav.b10af852-f1df-4f93-a84b-9f5f1b4e5066
\.


--
-- Data for Name: UserFolderPermissions; Type: TABLE DATA; Schema: public; Owner: -
--

COPY public."UserFolderPermissions" ("UserId", "FolderId", "Permission_Type", "Permission_Inherited") FROM stdin;
\.


--
-- Data for Name: Users; Type: TABLE DATA; Schema: public; Owner: -
--

COPY public."Users" ("Id", "Username", "FirstName", "LastName") FROM stdin;
1b47e0c0-668d-4020-959c-412c241fdd05	admin	admin123	admin
\.


--
-- Data for Name: WorkspaceUsers; Type: TABLE DATA; Schema: public; Owner: -
--

COPY public."WorkspaceUsers" ("WorkspaceId", "UserId", "Role") FROM stdin;
3	1b47e0c0-668d-4020-959c-412c241fdd05	0
\.


--
-- Data for Name: Workspaces; Type: TABLE DATA; Schema: public; Owner: -
--

COPY public."Workspaces" ("Id", "Name", "Description", "CreatedDate", "RootFolderId", "SessionsFolderId") FROM stdin;
3	test workspace		2025-05-06 20:14:37.042348+00	1	2
-1	MOCK_TREE_ROOT	Mocked tree root for prototype purposes.	2025-11-04 15:36:28.056966+00	-1	-2
\.


--
-- Data for Name: __EFMigrationsHistory; Type: TABLE DATA; Schema: public; Owner: -
--

COPY public."__EFMigrationsHistory" ("MigrationId", "ProductVersion") FROM stdin;
20240603215141_Initial	7.0.5
20250711201107_AddTreeRoot	9.0.0
20250811205128_AddTranslationsModel	9.0.0
20250911162429_PendingChanges	9.0.0
20250915164446_PendingChanges2	9.0.0
20250925194427_RemoveTranslationModelRestrictions	9.0.0
20250925215346_AddLanguageModel	9.0.0
20251011135544_Change translations key to id	9.0.0
20251011154607_AddTranslationLocation	9.0.0
\.


--
-- Name: Comments_Id_seq; Type: SEQUENCE SET; Schema: public; Owner: -
--

SELECT pg_catalog.setval('public."Comments_Id_seq"', 2, true);


--
-- Name: DawProjects_ProjectId_seq; Type: SEQUENCE SET; Schema: public; Owner: -
--

SELECT pg_catalog.setval('public."DawProjects_ProjectId_seq"', 1, false);


--
-- Name: Folders_Id_seq; Type: SEQUENCE SET; Schema: public; Owner: -
--

SELECT pg_catalog.setval('public."Folders_Id_seq"', 4, false);


--
-- Name: Post_Id_seq; Type: SEQUENCE SET; Schema: public; Owner: -
--

SELECT pg_catalog.setval('public."Post_Id_seq"', 1, true);


--
-- Name: Sessions_Id_seq; Type: SEQUENCE SET; Schema: public; Owner: -
--

SELECT pg_catalog.setval('public."Sessions_Id_seq"', 1, true);


--
-- Name: Tracks_Id_seq; Type: SEQUENCE SET; Schema: public; Owner: -
--

SELECT pg_catalog.setval('public."Tracks_Id_seq"', 2, true);


--
-- Name: Translations_Id_seq; Type: SEQUENCE SET; Schema: public; Owner: -
--

SELECT pg_catalog.setval('public."Translations_Id_seq"', 838, true);


--
-- Name: UploadedFiles_Id_seq; Type: SEQUENCE SET; Schema: public; Owner: -
--

SELECT pg_catalog.setval('public."UploadedFiles_Id_seq"', 3, true);


--
-- Name: Workspaces_Id_seq; Type: SEQUENCE SET; Schema: public; Owner: -
--

SELECT pg_catalog.setval('public."Workspaces_Id_seq"', 4, false);


--
-- Name: Comments PK_Comments; Type: CONSTRAINT; Schema: public; Owner: -
--

ALTER TABLE ONLY public."Comments"
    ADD CONSTRAINT "PK_Comments" PRIMARY KEY ("Id");


--
-- Name: DawProjects PK_DawProjects; Type: CONSTRAINT; Schema: public; Owner: -
--

ALTER TABLE ONLY public."DawProjects"
    ADD CONSTRAINT "PK_DawProjects" PRIMARY KEY ("ProjectId");


--
-- Name: Folders PK_Folders; Type: CONSTRAINT; Schema: public; Owner: -
--

ALTER TABLE ONLY public."Folders"
    ADD CONSTRAINT "PK_Folders" PRIMARY KEY ("Id");


--
-- Name: Languages PK_Languages; Type: CONSTRAINT; Schema: public; Owner: -
--

ALTER TABLE ONLY public."Languages"
    ADD CONSTRAINT "PK_Languages" PRIMARY KEY ("Key");


--
-- Name: Post PK_Post; Type: CONSTRAINT; Schema: public; Owner: -
--

ALTER TABLE ONLY public."Post"
    ADD CONSTRAINT "PK_Post" PRIMARY KEY ("Id");


--
-- Name: PostUploadedFile PK_PostUploadedFile; Type: CONSTRAINT; Schema: public; Owner: -
--

ALTER TABLE ONLY public."PostUploadedFile"
    ADD CONSTRAINT "PK_PostUploadedFile" PRIMARY KEY ("PostId", "ReferencedFilesId");


--
-- Name: Sessions PK_Sessions; Type: CONSTRAINT; Schema: public; Owner: -
--

ALTER TABLE ONLY public."Sessions"
    ADD CONSTRAINT "PK_Sessions" PRIMARY KEY ("Id");


--
-- Name: Tracks PK_Tracks; Type: CONSTRAINT; Schema: public; Owner: -
--

ALTER TABLE ONLY public."Tracks"
    ADD CONSTRAINT "PK_Tracks" PRIMARY KEY ("ProjectId", "Id");


--
-- Name: TranslationLocations PK_TranslationLocations; Type: CONSTRAINT; Schema: public; Owner: -
--

ALTER TABLE ONLY public."TranslationLocations"
    ADD CONSTRAINT "PK_TranslationLocations" PRIMARY KEY ("View", "Key");


--
-- Name: Translations PK_Translations; Type: CONSTRAINT; Schema: public; Owner: -
--

ALTER TABLE ONLY public."Translations"
    ADD CONSTRAINT "PK_Translations" PRIMARY KEY ("Id");


--
-- Name: UploadedFiles PK_UploadedFiles; Type: CONSTRAINT; Schema: public; Owner: -
--

ALTER TABLE ONLY public."UploadedFiles"
    ADD CONSTRAINT "PK_UploadedFiles" PRIMARY KEY ("Id");


--
-- Name: UserFolderPermissions PK_UserFolderPermissions; Type: CONSTRAINT; Schema: public; Owner: -
--

ALTER TABLE ONLY public."UserFolderPermissions"
    ADD CONSTRAINT "PK_UserFolderPermissions" PRIMARY KEY ("UserId", "FolderId");


--
-- Name: Users PK_Users; Type: CONSTRAINT; Schema: public; Owner: -
--

ALTER TABLE ONLY public."Users"
    ADD CONSTRAINT "PK_Users" PRIMARY KEY ("Id");


--
-- Name: WorkspaceUsers PK_WorkspaceUsers; Type: CONSTRAINT; Schema: public; Owner: -
--

ALTER TABLE ONLY public."WorkspaceUsers"
    ADD CONSTRAINT "PK_WorkspaceUsers" PRIMARY KEY ("WorkspaceId", "UserId");


--
-- Name: Workspaces PK_Workspaces; Type: CONSTRAINT; Schema: public; Owner: -
--

ALTER TABLE ONLY public."Workspaces"
    ADD CONSTRAINT "PK_Workspaces" PRIMARY KEY ("Id");


--
-- Name: __EFMigrationsHistory PK___EFMigrationsHistory; Type: CONSTRAINT; Schema: public; Owner: -
--

ALTER TABLE ONLY public."__EFMigrationsHistory"
    ADD CONSTRAINT "PK___EFMigrationsHistory" PRIMARY KEY ("MigrationId");


--
-- Name: IX_Comments_AuthorId; Type: INDEX; Schema: public; Owner: -
--

CREATE INDEX "IX_Comments_AuthorId" ON public."Comments" USING btree ("AuthorId");


--
-- Name: IX_Comments_PostId; Type: INDEX; Schema: public; Owner: -
--

CREATE INDEX "IX_Comments_PostId" ON public."Comments" USING btree ("PostId");


--
-- Name: IX_Folders_OwnerId; Type: INDEX; Schema: public; Owner: -
--

CREATE INDEX "IX_Folders_OwnerId" ON public."Folders" USING btree ("OwnerId");


--
-- Name: IX_Folders_ParentId; Type: INDEX; Schema: public; Owner: -
--

CREATE INDEX "IX_Folders_ParentId" ON public."Folders" USING btree ("ParentId");


--
-- Name: IX_Folders_WorkspaceId; Type: INDEX; Schema: public; Owner: -
--

CREATE INDEX "IX_Folders_WorkspaceId" ON public."Folders" USING btree ("WorkspaceId");


--
-- Name: IX_PostUploadedFile_ReferencedFilesId; Type: INDEX; Schema: public; Owner: -
--

CREATE INDEX "IX_PostUploadedFile_ReferencedFilesId" ON public."PostUploadedFile" USING btree ("ReferencedFilesId");


--
-- Name: IX_Post_AuthorId; Type: INDEX; Schema: public; Owner: -
--

CREATE INDEX "IX_Post_AuthorId" ON public."Post" USING btree ("AuthorId");


--
-- Name: IX_Post_WorkspaceId; Type: INDEX; Schema: public; Owner: -
--

CREATE INDEX "IX_Post_WorkspaceId" ON public."Post" USING btree ("WorkspaceId");


--
-- Name: IX_Sessions_FolderId; Type: INDEX; Schema: public; Owner: -
--

CREATE UNIQUE INDEX "IX_Sessions_FolderId" ON public."Sessions" USING btree ("FolderId");


--
-- Name: IX_Sessions_MeetingGuid; Type: INDEX; Schema: public; Owner: -
--

CREATE INDEX "IX_Sessions_MeetingGuid" ON public."Sessions" USING btree ("MeetingGuid");


--
-- Name: IX_Sessions_WorkspaceId; Type: INDEX; Schema: public; Owner: -
--

CREATE INDEX "IX_Sessions_WorkspaceId" ON public."Sessions" USING btree ("WorkspaceId");


--
-- Name: IX_Tracks_SelectedByUserId; Type: INDEX; Schema: public; Owner: -
--

CREATE INDEX "IX_Tracks_SelectedByUserId" ON public."Tracks" USING btree ("SelectedByUserId");


--
-- Name: IX_Translation_LastUpdated; Type: INDEX; Schema: public; Owner: -
--

CREATE INDEX "IX_Translation_LastUpdated" ON public."Translations" USING btree ("LastUpdated");


--
-- Name: IX_Translations_Language_View_Key; Type: INDEX; Schema: public; Owner: -
--

CREATE UNIQUE INDEX "IX_Translations_Language_View_Key" ON public."Translations" USING btree ("Language", "View", "Key");


--
-- Name: IX_Translations_View_Key; Type: INDEX; Schema: public; Owner: -
--

CREATE INDEX "IX_Translations_View_Key" ON public."Translations" USING btree ("View", "Key");


--
-- Name: IX_UploadedFiles_FolderId; Type: INDEX; Schema: public; Owner: -
--

CREATE INDEX "IX_UploadedFiles_FolderId" ON public."UploadedFiles" USING btree ("FolderId");


--
-- Name: IX_UploadedFiles_OwnerId; Type: INDEX; Schema: public; Owner: -
--

CREATE INDEX "IX_UploadedFiles_OwnerId" ON public."UploadedFiles" USING btree ("OwnerId");


--
-- Name: IX_UserFolderPermissions_FolderId; Type: INDEX; Schema: public; Owner: -
--

CREATE INDEX "IX_UserFolderPermissions_FolderId" ON public."UserFolderPermissions" USING btree ("FolderId");


--
-- Name: IX_UserFolderPermissions_UserId; Type: INDEX; Schema: public; Owner: -
--

CREATE INDEX "IX_UserFolderPermissions_UserId" ON public."UserFolderPermissions" USING btree ("UserId");


--
-- Name: IX_WorkspaceUsers_UserId; Type: INDEX; Schema: public; Owner: -
--

CREATE INDEX "IX_WorkspaceUsers_UserId" ON public."WorkspaceUsers" USING btree ("UserId");


--
-- Name: IX_WorkspaceUsers_WorkspaceId; Type: INDEX; Schema: public; Owner: -
--

CREATE INDEX "IX_WorkspaceUsers_WorkspaceId" ON public."WorkspaceUsers" USING btree ("WorkspaceId");


--
-- Name: IX_Workspaces_RootFolderId; Type: INDEX; Schema: public; Owner: -
--

CREATE INDEX "IX_Workspaces_RootFolderId" ON public."Workspaces" USING btree ("RootFolderId");


--
-- Name: IX_Workspaces_SessionsFolderId; Type: INDEX; Schema: public; Owner: -
--

CREATE INDEX "IX_Workspaces_SessionsFolderId" ON public."Workspaces" USING btree ("SessionsFolderId");


--
-- Name: Comments FK_Comments_Post_PostId; Type: FK CONSTRAINT; Schema: public; Owner: -
--

ALTER TABLE ONLY public."Comments"
    ADD CONSTRAINT "FK_Comments_Post_PostId" FOREIGN KEY ("PostId") REFERENCES public."Post"("Id") ON DELETE CASCADE;


--
-- Name: Comments FK_Comments_Users_AuthorId; Type: FK CONSTRAINT; Schema: public; Owner: -
--

ALTER TABLE ONLY public."Comments"
    ADD CONSTRAINT "FK_Comments_Users_AuthorId" FOREIGN KEY ("AuthorId") REFERENCES public."Users"("Id") ON DELETE CASCADE;


--
-- Name: Folders FK_Folders_Folders_ParentId; Type: FK CONSTRAINT; Schema: public; Owner: -
--

ALTER TABLE ONLY public."Folders"
    ADD CONSTRAINT "FK_Folders_Folders_ParentId" FOREIGN KEY ("ParentId") REFERENCES public."Folders"("Id") ON DELETE CASCADE;


--
-- Name: Folders FK_Folders_Users_OwnerId; Type: FK CONSTRAINT; Schema: public; Owner: -
--

ALTER TABLE ONLY public."Folders"
    ADD CONSTRAINT "FK_Folders_Users_OwnerId" FOREIGN KEY ("OwnerId") REFERENCES public."Users"("Id") ON DELETE SET NULL;


--
-- Name: Folders FK_Folders_Workspaces_WorkspaceId; Type: FK CONSTRAINT; Schema: public; Owner: -
--

ALTER TABLE ONLY public."Folders"
    ADD CONSTRAINT "FK_Folders_Workspaces_WorkspaceId" FOREIGN KEY ("WorkspaceId") REFERENCES public."Workspaces"("Id") ON DELETE CASCADE;


--
-- Name: PostUploadedFile FK_PostUploadedFile_Post_PostId; Type: FK CONSTRAINT; Schema: public; Owner: -
--

ALTER TABLE ONLY public."PostUploadedFile"
    ADD CONSTRAINT "FK_PostUploadedFile_Post_PostId" FOREIGN KEY ("PostId") REFERENCES public."Post"("Id") ON DELETE CASCADE;


--
-- Name: PostUploadedFile FK_PostUploadedFile_UploadedFiles_ReferencedFilesId; Type: FK CONSTRAINT; Schema: public; Owner: -
--

ALTER TABLE ONLY public."PostUploadedFile"
    ADD CONSTRAINT "FK_PostUploadedFile_UploadedFiles_ReferencedFilesId" FOREIGN KEY ("ReferencedFilesId") REFERENCES public."UploadedFiles"("Id") ON DELETE CASCADE;


--
-- Name: Post FK_Post_Users_AuthorId; Type: FK CONSTRAINT; Schema: public; Owner: -
--

ALTER TABLE ONLY public."Post"
    ADD CONSTRAINT "FK_Post_Users_AuthorId" FOREIGN KEY ("AuthorId") REFERENCES public."Users"("Id") ON DELETE CASCADE;


--
-- Name: Post FK_Post_Workspaces_WorkspaceId; Type: FK CONSTRAINT; Schema: public; Owner: -
--

ALTER TABLE ONLY public."Post"
    ADD CONSTRAINT "FK_Post_Workspaces_WorkspaceId" FOREIGN KEY ("WorkspaceId") REFERENCES public."Workspaces"("Id") ON DELETE CASCADE;


--
-- Name: Sessions FK_Sessions_Folders_FolderId; Type: FK CONSTRAINT; Schema: public; Owner: -
--

ALTER TABLE ONLY public."Sessions"
    ADD CONSTRAINT "FK_Sessions_Folders_FolderId" FOREIGN KEY ("FolderId") REFERENCES public."Folders"("Id") ON DELETE SET NULL;


--
-- Name: Sessions FK_Sessions_Workspaces_WorkspaceId; Type: FK CONSTRAINT; Schema: public; Owner: -
--

ALTER TABLE ONLY public."Sessions"
    ADD CONSTRAINT "FK_Sessions_Workspaces_WorkspaceId" FOREIGN KEY ("WorkspaceId") REFERENCES public."Workspaces"("Id") ON DELETE CASCADE;


--
-- Name: Tracks FK_Tracks_DawProjects_ProjectId; Type: FK CONSTRAINT; Schema: public; Owner: -
--

ALTER TABLE ONLY public."Tracks"
    ADD CONSTRAINT "FK_Tracks_DawProjects_ProjectId" FOREIGN KEY ("ProjectId") REFERENCES public."DawProjects"("ProjectId") ON DELETE CASCADE;


--
-- Name: Tracks FK_Tracks_Users_SelectedByUserId; Type: FK CONSTRAINT; Schema: public; Owner: -
--

ALTER TABLE ONLY public."Tracks"
    ADD CONSTRAINT "FK_Tracks_Users_SelectedByUserId" FOREIGN KEY ("SelectedByUserId") REFERENCES public."Users"("Id");


--
-- Name: Translations FK_Translations_Languages_Language; Type: FK CONSTRAINT; Schema: public; Owner: -
--

ALTER TABLE ONLY public."Translations"
    ADD CONSTRAINT "FK_Translations_Languages_Language" FOREIGN KEY ("Language") REFERENCES public."Languages"("Key") ON DELETE CASCADE;


--
-- Name: Translations FK_Translations_TranslationLocations_View_Key; Type: FK CONSTRAINT; Schema: public; Owner: -
--

ALTER TABLE ONLY public."Translations"
    ADD CONSTRAINT "FK_Translations_TranslationLocations_View_Key" FOREIGN KEY ("View", "Key") REFERENCES public."TranslationLocations"("View", "Key") ON DELETE CASCADE;


--
-- Name: UploadedFiles FK_UploadedFiles_Folders_FolderId; Type: FK CONSTRAINT; Schema: public; Owner: -
--

ALTER TABLE ONLY public."UploadedFiles"
    ADD CONSTRAINT "FK_UploadedFiles_Folders_FolderId" FOREIGN KEY ("FolderId") REFERENCES public."Folders"("Id") ON DELETE CASCADE;


--
-- Name: UploadedFiles FK_UploadedFiles_Users_OwnerId; Type: FK CONSTRAINT; Schema: public; Owner: -
--

ALTER TABLE ONLY public."UploadedFiles"
    ADD CONSTRAINT "FK_UploadedFiles_Users_OwnerId" FOREIGN KEY ("OwnerId") REFERENCES public."Users"("Id");


--
-- Name: UserFolderPermissions FK_UserFolderPermissions_Folders_FolderId; Type: FK CONSTRAINT; Schema: public; Owner: -
--

ALTER TABLE ONLY public."UserFolderPermissions"
    ADD CONSTRAINT "FK_UserFolderPermissions_Folders_FolderId" FOREIGN KEY ("FolderId") REFERENCES public."Folders"("Id") ON DELETE CASCADE;


--
-- Name: UserFolderPermissions FK_UserFolderPermissions_Users_UserId; Type: FK CONSTRAINT; Schema: public; Owner: -
--

ALTER TABLE ONLY public."UserFolderPermissions"
    ADD CONSTRAINT "FK_UserFolderPermissions_Users_UserId" FOREIGN KEY ("UserId") REFERENCES public."Users"("Id") ON DELETE CASCADE;


--
-- Name: WorkspaceUsers FK_WorkspaceUsers_Users_UserId; Type: FK CONSTRAINT; Schema: public; Owner: -
--

ALTER TABLE ONLY public."WorkspaceUsers"
    ADD CONSTRAINT "FK_WorkspaceUsers_Users_UserId" FOREIGN KEY ("UserId") REFERENCES public."Users"("Id") ON DELETE CASCADE;


--
-- Name: WorkspaceUsers FK_WorkspaceUsers_Workspaces_WorkspaceId; Type: FK CONSTRAINT; Schema: public; Owner: -
--

ALTER TABLE ONLY public."WorkspaceUsers"
    ADD CONSTRAINT "FK_WorkspaceUsers_Workspaces_WorkspaceId" FOREIGN KEY ("WorkspaceId") REFERENCES public."Workspaces"("Id") ON DELETE CASCADE;


--
-- Name: Workspaces FK_Workspaces_Folders_RootFolderId; Type: FK CONSTRAINT; Schema: public; Owner: -
--

ALTER TABLE ONLY public."Workspaces"
    ADD CONSTRAINT "FK_Workspaces_Folders_RootFolderId" FOREIGN KEY ("RootFolderId") REFERENCES public."Folders"("Id");


--
-- Name: Workspaces FK_Workspaces_Folders_SessionsFolderId; Type: FK CONSTRAINT; Schema: public; Owner: -
--

ALTER TABLE ONLY public."Workspaces"
    ADD CONSTRAINT "FK_Workspaces_Folders_SessionsFolderId" FOREIGN KEY ("SessionsFolderId") REFERENCES public."Folders"("Id");


--
-- PostgreSQL database dump complete
--

